OFF
2050 4096 0
1.4 10.5 0
1.39326 10.5 0.137224
1.3731 10.5 0.273126
1.33972 10.5 0.406399
1.29343 10.5 0.535757
1.23469 10.5 0.659955
1.16406 10.5 0.777798
1.08221 10.5 0.888151
0.989949 10.5 0.98995
0.888151 10.5 1.08221
0.777798 10.5 1.16406
0.659955 10.5 1.23469
0.535757 10.5 1.29343
0.406398 10.5 1.33972
0.273126 10.5 1.3731
0.137224 10.5 1.39326
-6.11959e-08 10.5 1.4
-0.137224 10.5 1.39326
-0.273126 10.5 1.3731
-0.406399 10.5 1.33972
-0.535757 10.5 1.29343
-0.659955 10.5 1.23469
-0.777798 10.5 1.16406
-0.888151 10.5 1.08221
-0.989949 10.5 0.989949
-1.08221 10.5 0.888151
-1.16406 10.5 0.777798
-1.23469 10.5 0.659956
-1.29343 10.5 0.535757
-1.33972 10.5 0.406399
-1.3731 10.5 0.273126
-1.39326 10.5 0.137224
-1.4 10.5 -1.22392e-07
-1.39326 10.5 -0.137224
-1.3731 10.5 -0.273126
-1.33972 10.5 -0.406399
-1.29343 10.5 -0.535757
-1.23469 10.5 -0.659956
-1.16406 10.5 -0.777798
-1.08221 10.5 -0.88815
-0.98995 10.5 -0.989949
-0.888151 10.5 -1.08221
-0.777799 10.5 -1.16406
-0.659955 10.5 -1.23469
-0.535757 10.5 -1.29343
-0.406398 10.5 -1.33972
-0.273127 10.5 -1.3731
-0.137224 10.5 -1.39326
1.66948e-08 10.5 -1.4
0.137224 10.5 -1.39326
0.273127 10.5 -1.3731
0.406398 10.5 -1.33972
0.535757 10.5 -1.29343
0.659955 10.5 -1.23469
0.777798 10.5 -1.16406
0.888151 10.5 -1.08221
0.989949 10.5 -0.98995
1.08221 10.5 -0.88815
1.16406 10.5 -0.777798
1.23469 10.5 -0.659955
1.29343 10.5 -0.535757
1.33972 10.5 -0.406399
1.3731 10.5 -0.273126
1.39326 10.5 -0.137224
1.7 9.4 0
1.69181 9.4 0.166629
1.66734 9.4 0.331654
1.6268 9.4 0.493484
1.5706 9.4 0.650562
1.49927 9.4 0.801374
1.4135 9.4 0.944469
1.31412 9.4 1.07847
1.20208 9.4 1.20208
1.07847 9.4 1.31412
0.944469 9.4 1.4135
0.801375 9.4 1.49927
0.650562 9.4 1.5706
0.493484 9.4 1.6268
0.331654 9.4 1.66734
0.166629 9.4 1.69181
-7.43094e-08 9.4 1.7
-0.166629 9.4 1.69181
-0.331654 9.4 1.66734
-0.493484 9.4 1.6268
-0.650562 9.4 1.5706
-0.801374 9.4 1.49927
-0.944469 9.4 1.4135
-1.07847 9.4 1.31412
-1.20208 9.4 1.20208
-1.31412 9.4 1.07847
-1.4135 9.4 0.944469
-1.49927 9.4 0.801375
-1.5706 9.4 0.650562
-1.6268 9.4 0.493484
-1.66734 9.4 0.331654
-1.69181 9.4 0.166629
-1.7 9.4 -1.48619e-07
-1.69181 9.4 -0.166629
-1.66734 9.4 -0.331653
-1.6268 9.4 -0.493484
-1.5706 9.4 -0.650562
-1.49927 9.4 -0.801375
-1.4135 9.4 -0.94447
-1.31412 9.4 -1.07847
-1.20208 9.4 -1.20208
-1.07847 9.4 -1.31412
-0.94447 9.4 -1.4135
-0.801374 9.4 -1.49927
-0.650562 9.4 -1.5706
-0.493484 9.4 -1.6268
-0.331654 9.4 -1.66734
-0.166629 9.4 -1.69181
2.02723e-08 9.4 -1.7
0.166629 9.4 -1.69181
0.331654 9.4 -1.66734
0.493484 9.4 -1.6268
0.650562 9.4 -1.5706
0.801374 9.4 -1.49927
0.944469 9.4 -1.4135
1.07847 9.4 -1.31412
1.20208 9.4 -1.20208
1.31412 9.4 -1.07847
1.4135 9.4 -0.94447
1.49927 9.4 -0.801374
1.5706 9.4 -0.650562
1.6268 9.4 -0.493484
1.66734 9.4 -0.331653
1.69181 9.4 -0.166629
1.85 8.3 0
1.84109 8.3 0.181332
1.81445 8.3 0.360917
1.77034 8.3 0.537027
1.70918 8.3 0.707964
1.63155 8.3 0.872084
1.53822 8.3 1.0278
1.43007 8.3 1.17363
1.30815 8.3 1.30815
1.17363 8.3 1.43007
1.0278 8.3 1.53822
0.872084 8.3 1.63155
0.707964 8.3 1.70918
0.537027 8.3 1.77034
0.360917 8.3 1.81445
0.181332 8.3 1.84109
-8.08661e-08 8.3 1.85
-0.181332 8.3 1.84109
-0.360917 8.3 1.81445
-0.537027 8.3 1.77034
-0.707964 8.3 1.70918
-0.872084 8.3 1.63155
-1.0278 8.3 1.53822
-1.17363 8.3 1.43007
-1.30815 8.3 1.30815
-1.43007 8.3 1.17363
-1.53822 8.3 1.0278
-1.63155 8.3 0.872084
-1.70918 8.3 0.707964
-1.77034 8.3 0.537027
-1.81445 8.3 0.360917
-1.84109 8.3 0.181332
-1.85 8.3 -1.61732e-07
-1.84109 8.3 -0.181332
-1.81445 8.3 -0.360917
-1.77034 8.3 -0.537027
-1.70918 8.3 -0.707964
-1.63155 8.3 -0.872084
-1.53822 8.3 -1.02781
-1.43007 8.3 -1.17363
-1.30815 8.3 -1.30815
-1.17363 8.3 -1.43007
-1.02781 8.3 -1.53822
-0.872084 8.3 -1.63155
-0.707965 8.3 -1.70918
-0.537026 8.3 -1.77034
-0.360917 8.3 -1.81445
-0.181331 8.3 -1.84109
2.2061e-08 8.3 -1.85
0.181331 8.3 -1.84109
0.360917 8.3 -1.81445
0.537026 8.3 -1.77034
0.707965 8.3 -1.70918
0.872084 8.3 -1.63155
1.0278 8.3 -1.53822
1.17363 8.3 -1.43007
1.30815 8.3 -1.30815
1.43007 8.3 -1.17363
1.53822 8.3 -1.02781
1.63155 8.3 -0.872084
1.70918 8.3 -0.707964
1.77034 8.3 -0.537027
1.81445 8.3 -0.360917
1.84109 8.3 -0.181332
1.93 7.5 0
1.92071 7.5 0.189173
1.89292 7.5 0.376524
1.84689 7.5 0.560249
1.78309 7.5 0.738579
1.70211 7.5 0.909796
1.60474 7.5 1.07225
1.49191 7.5 1.22438
1.36472 7.5 1.36472
1.22438 7.5 1.49191
1.07225 7.5 1.60474
0.909796 7.5 1.70211
0.738579 7.5 1.78309
0.560249 7.5 1.84689
0.376524 7.5 1.89292
0.189173 7.5 1.92071
-8.4363e-08 7.5 1.93
-0.189173 7.5 1.92071
-0.376524 7.5 1.89292
-0.56025 7.5 1.84689
-0.738579 7.5 1.78309
-0.909795 7.5 1.70211
-1.07225 7.5 1.60474
-1.22438 7.5 1.49191
-1.36472 7.5 1.36472
-1.49191 7.5 1.22438
-1.60474 7.5 1.07225
-1.70211 7.5 0.909796
-1.78309 7.5 0.738579
-1.84689 7.5 0.560249
-1.89292 7.5 0.376524
-1.92071 7.5 0.189173
-1.93 7.5 -1.68726e-07
-1.92071 7.5 -0.189173
-1.89292 7.5 -0.376524
-1.84689 7.5 -0.560249
-1.78309 7.5 -0.738579
-1.70211 7.5 -0.909796
-1.60474 7.5 -1.07225
-1.49191 7.5 -1.22438
-1.36472 7.5 -1.36472
-1.22438 7.5 -1.49191
-1.07225 7.5 -1.60474
-0.909796 7.5 -1.70211
-0.738579 7.5 -1.78309
-0.560249 7.5 -1.84689
-0.376524 7.5 -1.89292
-0.189173 7.5 -1.92071
2.3015e-08 7.5 -1.93
0.189173 7.5 -1.92071
0.376524 7.5 -1.89292
0.560249 7.5 -1.84689
0.738579 7.5 -1.78309
0.909796 7.5 -1.70211
1.07225 7.5 -1.60474
1.22438 7.5 -1.49191
1.36472 7.5 -1.36472
1.49191 7.5 -1.22438
1.60474 7.5 -1.07225
1.70211 7.5 -0.909795
1.78309 7.5 -0.738579
1.84689 7.5 -0.56025
1.89292 7.5 -0.376524
1.92071 7.5 -0.189173
1.93 7 0
1.92071 7 0.189173
1.89292 7 0.376524
1.84689 7 0.560249
1.78309 7 0.738579
1.70211 7 0.909796
1.60474 7 1.07225
1.49191 7 1.22438
1.36472 7 1.36472
1.22438 7 1.49191
1.07225 7 1.60474
0.909796 7 1.70211
0.738579 7 1.78309
0.560249 7 1.84689
0.376524 7 1.89292
0.189173 7 1.92071
-8.4363e-08 7 1.93
-0.189173 7 1.92071
-0.376524 7 1.89292
-0.56025 7 1.84689
-0.738579 7 1.78309
-0.909795 7 1.70211
-1.07225 7 1.60474
-1.22438 7 1.49191
-1.36472 7 1.36472
-1.49191 7 1.22438
-1.60474 7 1.07225
-1.70211 7 0.909796
-1.78309 7 0.738579
-1.84689 7 0.560249
-1.89292 7 0.376524
-1.92071 7 0.189173
-1.93 7 -1.68726e-07
-1.92071 7 -0.189173
-1.89292 7 -0.376524
-1.84689 7 -0.560249
-1.78309 7 -0.738579
-1.70211 7 -0.909796
-1.60474 7 -1.07225
-1.49191 7 -1.22438
-1.36472 7 -1.36472
-1.22438 7 -1.49191
-1.07225 7 -1.60474
-0.909796 7 -1.70211
-0.738579 7 -1.78309
-0.560249 7 -1.84689
-0.376524 7 -1.89292
-0.189173 7 -1.92071
2.3015e-08 7 -1.93
0.189173 7 -1.92071
0.376524 7 -1.89292
0.560249 7 -1.84689
0.738579 7 -1.78309
0.909796 7 -1.70211
1.07225 7 -1.60474
1.22438 7 -1.49191
1.36472 7 -1.36472
1.49191 7 -1.22438
1.60474 7 -1.07225
1.70211 7 -0.909795
1.78309 7 -0.738579
1.84689 7 -0.56025
1.89292 7 -0.376524
1.92071 7 -0.189173
1.8 6.6 0
1.79133 6.6 0.176431
1.76541 6.6 0.351163
1.72249 6.6 0.522512
1.66298 6.6 0.68883
1.58746 6.6 0.848514
1.49665 6.6 1.00003
1.39142 6.6 1.14191
1.27279 6.6 1.27279
1.14191 6.6 1.39142
1.00003 6.6 1.49665
0.848514 6.6 1.58746
0.68883 6.6 1.66298
0.522512 6.6 1.72249
0.351163 6.6 1.76541
0.176431 6.6 1.79133
-7.86805e-08 6.6 1.8
-0.176431 6.6 1.79133
-0.351163 6.6 1.76541
-0.522512 6.6 1.72249
-0.68883 6.6 1.66298
-0.848514 6.6 1.58746
-1.00003 6.6 1.49665
-1.14191 6.6 1.39142
-1.27279 6.6 1.27279
-1.39142 6.6 1.14191
-1.49665 6.6 1.00003
-1.58746 6.6 0.848514
-1.66298 6.6 0.68883
-1.72249 6.6 0.522512
-1.76541 6.6 0.351163
-1.79133 6.6 0.176431
-1.8 6.6 -1.57361e-07
-1.79133 6.6 -0.176431
-1.76541 6.6 -0.351162
-1.72249 6.6 -0.522512
-1.66298 6.6 -0.68883
-1.58746 6.6 -0.848514
-1.49665 6.6 -1.00003
-1.39142 6.6 -1.14191
-1.27279 6.6 -1.27279
-1.14191 6.6 -1.39142
-1.00003 6.6 -1.49665
-0.848514 6.6 -1.58746
-0.68883 6.6 -1.66298
-0.522512 6.6 -1.72249
-0.351163 6.6 -1.76541
-0.17643 6.6 -1.79133
2.14648e-08 6.6 -1.8
0.176431 6.6 -1.79133
0.351163 6.6 -1.76541
0.522512 6.6 -1.72249
0.68883 6.6 -1.66298
0.848514 6.6 -1.58746
1.00003 6.6 -1.49665
1.14191 6.6 -1.39142
1.27279 6.6 -1.27279
1.39142 6.6 -1.14191
1.49665 6.6 -1.00003
1.58746 6.6 -0.848514
1.66298 6.6 -0.68883
1.72249 6.6 -0.522513
1.76541 6.6 -0.351162
1.79133 6.6 -0.176431
1.6 6.2 0
1.5923 6.2 0.156827
1.56926 6.2 0.312145
1.5311 6.2 0.464455
1.47821 6.2 0.612294
1.41107 6.2 0.754235
1.33035 6.2 0.888912
1.23682 6.2 1.01503
1.13137 6.2 1.13137
1.01503 6.2 1.23682
0.888912 6.2 1.33035
0.754235 6.2 1.41107
0.612293 6.2 1.47821
0.464455 6.2 1.5311
0.312145 6.2 1.56926
0.156827 6.2 1.5923
-6.99382e-08 6.2 1.6
-0.156827 6.2 1.5923
-0.312145 6.2 1.56926
-0.464456 6.2 1.5311
-0.612293 6.2 1.47821
-0.754235 6.2 1.41107
-0.888912 6.2 1.33035
-1.01503 6.2 1.23682
-1.13137 6.2 1.13137
-1.23682 6.2 1.01503
-1.33035 6.2 0.888912
-1.41107 6.2 0.754235
-1.47821 6.2 0.612294
-1.5311 6.2 0.464456
-1.56926 6.2 0.312145
-1.5923 6.2 0.156827
-1.6 6.2 -1.39876e-07
-1.5923 6.2 -0.156827
-1.56926 6.2 -0.312144
-1.5311 6.2 -0.464455
-1.47821 6.2 -0.612294
-1.41107 6.2 -0.754235
-1.33035 6.2 -0.888912
-1.23682 6.2 -1.01503
-1.13137 6.2 -1.13137
-1.01503 6.2 -1.23682
-0.888913 6.2 -1.33035
-0.754235 6.2 -1.41107
-0.612294 6.2 -1.47821
-0.464455 6.2 -1.5311
-0.312145 6.2 -1.56926
-0.156827 6.2 -1.5923
1.90798e-08 6.2 -1.6
0.156827 6.2 -1.5923
0.312145 6.2 -1.56926
0.464455 6.2 -1.5311
0.612294 6.2 -1.47821
0.754235 6.2 -1.41107
0.888912 6.2 -1.33035
1.01503 6.2 -1.23682
1.13137 6.2 -1.13137
1.23682 6.2 -1.01503
1.33035 6.2 -0.888912
1.41107 6.2 -0.754234
1.47821 6.2 -0.612293
1.5311 6.2 -0.464456
1.56926 6.2 -0.312144
1.5923 6.2 -0.156828
1.4 5.9 0
1.39326 5.9 0.137224
1.3731 5.9 0.273126
1.33972 5.9 0.406399
1.29343 5.9 0.535757
1.23469 5.9 0.659955
1.16406 5.9 0.777798
1.08221 5.9 0.888151
0.989949 5.9 0.98995
0.888151 5.9 1.08221
0.777798 5.9 1.16406
0.659955 5.9 1.23469
0.535757 5.9 1.29343
0.406398 5.9 1.33972
0.273126 5.9 1.3731
0.137224 5.9 1.39326
-6.11959e-08 5.9 1.4
-0.137224 5.9 1.39326
-0.273126 5.9 1.3731
-0.406399 5.9 1.33972
-0.535757 5.9 1.29343
-0.659955 5.9 1.23469
-0.777798 5.9 1.16406
-0.888151 5.9 1.08221
-0.989949 5.9 0.989949
-1.08221 5.9 0.888151
-1.16406 5.9 0.777798
-1.23469 5.9 0.659956
-1.29343 5.9 0.535757
-1.33972 5.9 0.406399
-1.3731 5.9 0.273126
-1.39326 5.9 0.137224
-1.4 5.9 -1.22392e-07
-1.39326 5.9 -0.137224
-1.3731 5.9 -0.273126
-1.33972 5.9 -0.406399
-1.29343 5.9 -0.535757
-1.23469 5.9 -0.659956
-1.16406 5.9 -0.777798
-1.08221 5.9 -0.88815
-0.98995 5.9 -0.989949
-0.888151 5.9 -1.08221
-0.777799 5.9 -1.16406
-0.659955 5.9 -1.23469
-0.535757 5.9 -1.29343
-0.406398 5.9 -1.33972
-0.273127 5.9 -1.3731
-0.137224 5.9 -1.39326
1.66948e-08 5.9 -1.4
0.137224 5.9 -1.39326
0.273127 5.9 -1.3731
0.406398 5.9 -1.33972
0.535757 5.9 -1.29343
0.659955 5.9 -1.23469
0.777798 5.9 -1.16406
0.888151 5.9 -1.08221
0.989949 5.9 -0.98995
1.08221 5.9 -0.88815
1.16406 5.9 -0.777798
1.23469 5.9 -0.659955
1.29343 5.9 -0.535757
1.33972 5.9 -0.406399
1.3731 5.9 -0.273126
1.39326 5.9 -0.137224
1.1 5.5 0
1.0947 5.5 0.107819
1.07886 5.5 0.214599
1.05263 5.5 0.319313
1.01627 5.5 0.420952
0.970113 5.5 0.518536
0.914617 5.5 0.611127
0.850312 5.5 0.697833
0.777817 5.5 0.777817
0.697833 5.5 0.850312
0.611127 5.5 0.914617
0.518536 5.5 0.970113
0.420952 5.5 1.01627
0.319313 5.5 1.05263
0.214599 5.5 1.07886
0.107819 5.5 1.0947
-4.80825e-08 5.5 1.1
-0.107819 5.5 1.0947
-0.214599 5.5 1.07886
-0.319313 5.5 1.05263
-0.420952 5.5 1.01627
-0.518536 5.5 0.970113
-0.611127 5.5 0.914617
-0.697833 5.5 0.850312
-0.777817 5.5 0.777817
-0.850312 5.5 0.697833
-0.914617 5.5 0.611127
-0.970113 5.5 0.518537
-1.01627 5.5 0.420952
-1.05263 5.5 0.319313
-1.07886 5.5 0.214599
-1.0947 5.5 0.107819
-1.1 5.5 -9.61651e-08
-1.0947 5.5 -0.107819
-1.07886 5.5 -0.214599
-1.05263 5.5 -0.319313
-1.01627 5.5 -0.420952
-0.970113 5.5 -0.518536
-0.914617 5.5 -0.611127
-0.850312 5.5 -0.697833
-0.777818 5.5 -0.777817
-0.697833 5.5 -0.850312
-0.611127 5.5 -0.914616
-0.518536 5.5 -0.970113
-0.420952 5.5 -1.01627
-0.319313 5.5 -1.05263
-0.214599 5.5 -1.07886
-0.107819 5.5 -1.0947
1.31174e-08 5.5 -1.1
0.107819 5.5 -1.0947
0.214599 5.5 -1.07886
0.319313 5.5 -1.05263
0.420952 5.5 -1.01627
0.518536 5.5 -0.970113
0.611127 5.5 -0.914617
0.697833 5.5 -0.850311
0.777817 5.5 -0.777818
0.850312 5.5 -0.697833
0.914617 5.5 -0.611127
0.970114 5.5 -0.518536
1.01627 5.5 -0.420952
1.05263 5.5 -0.319313
1.07886 5.5 -0.214599
1.0947 5.5 -0.107819
0.9 5.4 0
0.895666 5.4 0.0882154
0.882707 5.4 0.175581
0.861246 5.4 0.261256
0.831492 5.4 0.344415
0.793729 5.4 0.424257
0.748323 5.4 0.500013
0.695709 5.4 0.570954
0.636396 5.4 0.636396
0.570954 5.4 0.695709
0.500013 5.4 0.748323
0.424257 5.4 0.793729
0.344415 5.4 0.831492
0.261256 5.4 0.861246
0.175581 5.4 0.882707
0.0882154 5.4 0.895666
-3.93403e-08 5.4 0.9
-0.0882154 5.4 0.895666
-0.175581 5.4 0.882707
-0.261256 5.4 0.861246
-0.344415 5.4 0.831492
-0.424257 5.4 0.793729
-0.500013 5.4 0.748323
-0.570954 5.4 0.695709
-0.636396 5.4 0.636396
-0.695709 5.4 0.570954
-0.748323 5.4 0.500013
-0.793729 5.4 0.424257
-0.831492 5.4 0.344415
-0.861246 5.4 0.261256
-0.882707 5.4 0.175581
-0.895666 5.4 0.0882154
-0.9 5.4 -7.86805e-08
-0.895666 5.4 -0.0882153
-0.882707 5.4 -0.175581
-0.861246 5.4 -0.261256
-0.831492 5.4 -0.344415
-0.793729 5.4 -0.424257
-0.748323 5.4 -0.500013
-0.695709 5.4 -0.570954
-0.636396 5.4 -0.636396
-0.570954 5.4 -0.695709
-0.500013 5.4 -0.748323
-0.424257 5.4 -0.793729
-0.344415 5.4 -0.831492
-0.261256 5.4 -0.861246
-0.175581 5.4 -0.882707
-0.0882152 5.4 -0.895666
1.07324e-08 5.4 -0.9
0.0882153 5.4 -0.895666
0.175581 5.4 -0.882707
0.261256 5.4 -0.861246
0.344415 5.4 -0.831491
0.424257 5.4 -0.793729
0.500013 5.4 -0.748323
0.570954 5.4 -0.695709
0.636396 5.4 -0.636396
0.695709 5.4 -0.570954
0.748323 5.4 -0.500013
0.793729 5.4 -0.424257
0.831492 5.4 -0.344415
0.861246 5.4 -0.261256
0.882707 5.4 -0.175581
0.895666 5.4 -0.0882155
0.4 4.9 0
0.398074 4.9 0.0392069
0.392314 4.9 0.0780361
0.382776 4.9 0.116114
0.369552 4.9 0.153073
0.352769 4.9 0.188559
0.332588 4.9 0.222228
0.309204 4.9 0.253757
0.282843 4.9 0.282843
0.253757 4.9 0.309204
0.222228 4.9 0.332588
0.188559 4.9 0.352769
0.153073 4.9 0.369552
0.116114 4.9 0.382776
0.0780361 4.9 0.392314
0.0392069 4.9 0.398074
-1.74846e-08 4.9 0.4
-0.0392068 4.9 0.398074
-0.0780361 4.9 0.392314
-0.116114 4.9 0.382776
-0.153073 4.9 0.369552
-0.188559 4.9 0.352769
-0.222228 4.9 0.332588
-0.253757 4.9 0.309204
-0.282843 4.9 0.282843
-0.309204 4.9 0.253757
-0.332588 4.9 0.222228
-0.352768 4.9 0.188559
-0.369552 4.9 0.153073
-0.382776 4.9 0.116114
-0.392314 4.9 0.0780361
-0.398074 4.9 0.0392068
-0.4 4.9 -3.49691e-08
-0.398074 4.9 -0.0392068
-0.392314 4.9 -0.0780361
-0.382776 4.9 -0.116114
-0.369552 4.9 -0.153073
-0.352769 4.9 -0.188559
-0.332588 4.9 -0.222228
-0.309204 4.9 -0.253757
-0.282843 4.9 -0.282843
-0.253757 4.9 -0.309204
-0.222228 4.9 -0.332588
-0.188559 4.9 -0.352769
-0.153073 4.9 -0.369552
-0.116114 4.9 -0.382776
-0.0780362 4.9 -0.392314
-0.0392068 4.9 -0.398074
4.76995e-09 4.9 -0.4
0.0392068 4.9 -0.398074
0.0780362 4.9 -0.392314
0.116114 4.9 -0.382776
0.153073 4.9 -0.369552
0.188559 4.9 -0.352769
0.222228 4.9 -0.332588
0.253757 4.9 -0.309204
0.282843 4.9 -0.282843
0.309204 4.9 -0.253757
0.332588 4.9 -0.222228
0.352769 4.9 -0.188559
0.369552 4.9 -0.153073
0.382776 4.9 -0.116114
0.392314 4.9 -0.0780361
0.398074 4.9 -0.0392069
0.3 4.7 0
0.298555 4.7 0.0294051
0.294236 4.7 0.0585271
0.287082 4.7 0.0870854
0.277164 4.7 0.114805
0.264576 4.7 0.141419
0.249441 4.7 0.166671
0.231903 4.7 0.190318
0.212132 4.7 0.212132
0.190318 4.7 0.231903
0.166671 4.7 0.249441
0.141419 4.7 0.264576
0.114805 4.7 0.277164
0.0870854 4.7 0.287082
0.0585271 4.7 0.294236
0.0294051 4.7 0.298555
-1.31134e-08 4.7 0.3
-0.0294051 4.7 0.298555
-0.0585271 4.7 0.294236
-0.0870854 4.7 0.287082
-0.114805 4.7 0.277164
-0.141419 4.7 0.264576
-0.166671 4.7 0.249441
-0.190318 4.7 0.231903
-0.212132 4.7 0.212132
-0.231903 4.7 0.190318
-0.249441 4.7 0.166671
-0.264576 4.7 0.141419
-0.277164 4.7 0.114805
-0.287082 4.7 0.0870854
-0.294236 4.7 0.0585271
-0.298555 4.7 0.0294051
-0.3 4.7 -2.62268e-08
-0.298555 4.7 -0.0294051
-0.294236 4.7 -0.0585271
-0.287082 4.7 -0.0870854
-0.277164 4.7 -0.114805
-0.264576 4.7 -0.141419
-0.249441 4.7 -0.166671
-0.231903 4.7 -0.190318
-0.212132 4.7 -0.212132
-0.190318 4.7 -0.231903
-0.166671 4.7 -0.249441
-0.141419 4.7 -0.264576
-0.114805 4.7 -0.277164
-0.0870854 4.7 -0.287082
-0.0585271 4.7 -0.294236
-0.0294051 4.7 -0.298555
3.57746e-09 4.7 -0.3
0.0294051 4.7 -0.298555
0.0585271 4.7 -0.294236
0.0870854 4.7 -0.287082
0.114805 4.7 -0.277164
0.141419 4.7 -0.264576
0.166671 4.7 -0.249441
0.190318 4.7 -0.231903
0.212132 4.7 -0.212132
0.231903 4.7 -0.190318
0.249441 4.7 -0.166671
0.264576 4.7 -0.141419
0.277164 4.7 -0.114805
0.287082 4.7 -0.0870855
0.294236 4.7 -0.0585271
0.298555 4.7 -0.0294052
0.2 4.1 0
0.199037 4.1 0.0196034
0.196157 4.1 0.0390181
0.191388 4.1 0.0580569
0.184776 4.1 0.0765367
0.176384 4.1 0.0942793
0.166294 4.1 0.111114
0.154602 4.1 0.126879
0.141421 4.1 0.141421
0.126879 4.1 0.154602
0.111114 4.1 0.166294
0.0942794 4.1 0.176384
0.0765367 4.1 0.184776
0.0580569 4.1 0.191388
0.0390181 4.1 0.196157
0.0196034 4.1 0.199037
-8.74228e-09 4.1 0.2
-0.0196034 4.1 0.199037
-0.0390181 4.1 0.196157
-0.0580569 4.1 0.191388
-0.0765367 4.1 0.184776
-0.0942793 4.1 0.176384
-0.111114 4.1 0.166294
-0.126879 4.1 0.154602
-0.141421 4.1 0.141421
-0.154602 4.1 0.126879
-0.166294 4.1 0.111114
-0.176384 4.1 0.0942794
-0.184776 4.1 0.0765367
-0.191388 4.1 0.0580569
-0.196157 4.1 0.0390181
-0.199037 4.1 0.0196034
-0.2 4.1 -1.74846e-08
-0.199037 4.1 -0.0196034
-0.196157 4.1 -0.039018
-0.191388 4.1 -0.0580569
-0.184776 4.1 -0.0765367
-0.176384 4.1 -0.0942794
-0.166294 4.1 -0.111114
-0.154602 4.1 -0.126879
-0.141421 4.1 -0.141421
-0.126879 4.1 -0.154602
-0.111114 4.1 -0.166294
-0.0942793 4.1 -0.176384
-0.0765367 4.1 -0.184776
-0.0580569 4.1 -0.191388
-0.0390181 4.1 -0.196157
-0.0196034 4.1 -0.199037
2.38498e-09 4.1 -0.2
0.0196034 4.1 -0.199037
0.0390181 4.1 -0.196157
0.0580569 4.1 -0.191388
0.0765367 4.1 -0.184776
0.0942793 4.1 -0.176384
0.111114 4.1 -0.166294
0.126879 4.1 -0.154602
0.141421 4.1 -0.141421
0.154602 4.1 -0.126879
0.166294 4.1 -0.111114
0.176384 4.1 -0.0942793
0.184776 4.1 -0.0765367
0.191388 4.1 -0.058057
0.196157 4.1 -0.039018
0.199037 4.1 -0.0196034
0.2 2.6 0
0.199037 2.6 0.0196034
0.196157 2.6 0.0390181
0.191388 2.6 0.0580569
0.184776 2.6 0.0765367
0.176384 2.6 0.0942793
0.166294 2.6 0.111114
0.154602 2.6 0.126879
0.141421 2.6 0.141421
0.126879 2.6 0.154602
0.111114 2.6 0.166294
0.0942794 2.6 0.176384
0.0765367 2.6 0.184776
0.0580569 2.6 0.191388
0.0390181 2.6 0.196157
0.0196034 2.6 0.199037
-8.74228e-09 2.6 0.2
-0.0196034 2.6 0.199037
-0.0390181 2.6 0.196157
-0.0580569 2.6 0.191388
-0.0765367 2.6 0.184776
-0.0942793 2.6 0.176384
-0.111114 2.6 0.166294
-0.126879 2.6 0.154602
-0.141421 2.6 0.141421
-0.154602 2.6 0.126879
-0.166294 2.6 0.111114
-0.176384 2.6 0.0942794
-0.184776 2.6 0.0765367
-0.191388 2.6 0.0580569
-0.196157 2.6 0.0390181
-0.199037 2.6 0.0196034
-0.2 2.6 -1.74846e-08
-0.199037 2.6 -0.0196034
-0.196157 2.6 -0.039018
-0.191388 2.6 -0.0580569
-0.184776 2.6 -0.0765367
-0.176384 2.6 -0.0942794
-0.166294 2.6 -0.111114
-0.154602 2.6 -0.126879
-0.141421 2.6 -0.141421
-0.126879 2.6 -0.154602
-0.111114 2.6 -0.166294
-0.0942793 2.6 -0.176384
-0.0765367 2.6 -0.184776
-0.0580569 2.6 -0.191388
-0.0390181 2.6 -0.196157
-0.0196034 2.6 -0.199037
2.38498e-09 2.6 -0.2
0.0196034 2.6 -0.199037
0.0390181 2.6 -0.196157
0.0580569 2.6 -0.191388
0.0765367 2.6 -0.184776
0.0942793 2.6 -0.176384
0.111114 2.6 -0.166294
0.126879 2.6 -0.154602
0.141421 2.6 -0.141421
0.154602 2.6 -0.126879
0.166294 2.6 -0.111114
0.176384 2.6 -0.0942793
0.184776 2.6 -0.0765367
0.191388 2.6 -0.058057
0.196157 2.6 -0.039018
0.199037 2.6 -0.0196034
0.3 2.3 0
0.298555 2.3 0.0294051
0.294236 2.3 0.0585271
0.287082 2.3 0.0870854
0.277164 2.3 0.114805
0.264576 2.3 0.141419
0.249441 2.3 0.166671
0.231903 2.3 0.190318
0.212132 2.3 0.212132
0.190318 2.3 0.231903
0.166671 2.3 0.249441
0.141419 2.3 0.264576
0.114805 2.3 0.277164
0.0870854 2.3 0.287082
0.0585271 2.3 0.294236
0.0294051 2.3 0.298555
-1.31134e-08 2.3 0.3
-0.0294051 2.3 0.298555
-0.0585271 2.3 0.294236
-0.0870854 2.3 0.287082
-0.114805 2.3 0.277164
-0.141419 2.3 0.264576
-0.166671 2.3 0.249441
-0.190318 2.3 0.231903
-0.212132 2.3 0.212132
-0.231903 2.3 0.190318
-0.249441 2.3 0.166671
-0.264576 2.3 0.141419
-0.277164 2.3 0.114805
-0.287082 2.3 0.0870854
-0.294236 2.3 0.0585271
-0.298555 2.3 0.0294051
-0.3 2.3 -2.62268e-08
-0.298555 2.3 -0.0294051
-0.294236 2.3 -0.0585271
-0.287082 2.3 -0.0870854
-0.277164 2.3 -0.114805
-0.264576 2.3 -0.141419
-0.249441 2.3 -0.166671
-0.231903 2.3 -0.190318
-0.212132 2.3 -0.212132
-0.190318 2.3 -0.231903
-0.166671 2.3 -0.249441
-0.141419 2.3 -0.264576
-0.114805 2.3 -0.277164
-0.0870854 2.3 -0.287082
-0.0585271 2.3 -0.294236
-0.0294051 2.3 -0.298555
3.57746e-09 2.3 -0.3
0.0294051 2.3 -0.298555
0.0585271 2.3 -0.294236
0.0870854 2.3 -0.287082
0.114805 2.3 -0.277164
0.141419 2.3 -0.264576
0.166671 2.3 -0.249441
0.190318 2.3 -0.231903
0.212132 2.3 -0.212132
0.231903 2.3 -0.190318
0.249441 2.3 -0.166671
0.264576 2.3 -0.141419
0.277164 2.3 -0.114805
0.287082 2.3 -0.0870855
0.294236 2.3 -0.0585271
0.298555 2.3 -0.0294052
0.4 1.9 0
0.398074 1.9 0.0392069
0.392314 1.9 0.0780361
0.382776 1.9 0.116114
0.369552 1.9 0.153073
0.352769 1.9 0.188559
0.332588 1.9 0.222228
0.309204 1.9 0.253757
0.282843 1.9 0.282843
0.253757 1.9 0.309204
0.222228 1.9 0.332588
0.188559 1.9 0.352769
0.153073 1.9 0.369552
0.116114 1.9 0.382776
0.0780361 1.9 0.392314
0.0392069 1.9 0.398074
-1.74846e-08 1.9 0.4
-0.0392068 1.9 0.398074
-0.0780361 1.9 0.392314
-0.116114 1.9 0.382776
-0.153073 1.9 0.369552
-0.188559 1.9 0.352769
-0.222228 1.9 0.332588
-0.253757 1.9 0.309204
-0.282843 1.9 0.282843
-0.309204 1.9 0.253757
-0.332588 1.9 0.222228
-0.352768 1.9 0.188559
-0.369552 1.9 0.153073
-0.382776 1.9 0.116114
-0.392314 1.9 0.0780361
-0.398074 1.9 0.0392068
-0.4 1.9 -3.49691e-08
-0.398074 1.9 -0.0392068
-0.392314 1.9 -0.0780361
-0.382776 1.9 -0.116114
-0.369552 1.9 -0.153073
-0.352769 1.9 -0.188559
-0.332588 1.9 -0.222228
-0.309204 1.9 -0.253757
-0.282843 1.9 -0.282843
-0.253757 1.9 -0.309204
-0.222228 1.9 -0.332588
-0.188559 1.9 -0.352769
-0.153073 1.9 -0.369552
-0.116114 1.9 -0.382776
-0.0780362 1.9 -0.392314
-0.0392068 1.9 -0.398074
4.76995e-09 1.9 -0.4
0.0392068 1.9 -0.398074
0.0780362 1.9 -0.392314
0.116114 1.9 -0.382776
0.153073 1.9 -0.369552
0.188559 1.9 -0.352769
0.222228 1.9 -0.332588
0.253757 1.9 -0.309204
0.282843 1.9 -0.282843
0.309204 1.9 -0.253757
0.332588 1.9 -0.222228
0.352769 1.9 -0.188559
0.369552 1.9 -0.153073
0.382776 1.9 -0.116114
0.392314 1.9 -0.0780361
0.398074 1.9 -0.0392069
0.6 1.7 0
0.597111 1.7 0.0588103
0.588471 1.7 0.117054
0.574164 1.7 0.174171
0.554328 1.7 0.22961
0.529153 1.7 0.282838
0.498882 1.7 0.333342
0.463806 1.7 0.380636
0.424264 1.7 0.424264
0.380636 1.7 0.463806
0.333342 1.7 0.498882
0.282838 1.7 0.529153
0.22961 1.7 0.554328
0.174171 1.7 0.574164
0.117054 1.7 0.588471
0.0588103 1.7 0.597111
-2.62268e-08 1.7 0.6
-0.0588103 1.7 0.597111
-0.117054 1.7 0.588471
-0.174171 1.7 0.574164
-0.22961 1.7 0.554328
-0.282838 1.7 0.529153
-0.333342 1.7 0.498882
-0.380636 1.7 0.463806
-0.424264 1.7 0.424264
-0.463806 1.7 0.380636
-0.498882 1.7 0.333342
-0.529153 1.7 0.282838
-0.554328 1.7 0.22961
-0.574164 1.7 0.174171
-0.588471 1.7 0.117054
-0.597111 1.7 0.0588103
-0.6 1.7 -5.24537e-08
-0.597111 1.7 -0.0588102
-0.588471 1.7 -0.117054
-0.574164 1.7 -0.174171
-0.554328 1.7 -0.22961
-0.529153 1.7 -0.282838
-0.498882 1.7 -0.333342
-0.463806 1.7 -0.380636
-0.424264 1.7 -0.424264
-0.380636 1.7 -0.463806
-0.333342 1.7 -0.498882
-0.282838 1.7 -0.529153
-0.22961 1.7 -0.554328
-0.174171 1.7 -0.574164
-0.117054 1.7 -0.588471
-0.0588102 1.7 -0.597111
7.15493e-09 1.7 -0.6
0.0588102 1.7 -0.597111
0.117054 1.7 -0.588471
0.174171 1.7 -0.574164
0.22961 1.7 -0.554328
0.282838 1.7 -0.529153
0.333342 1.7 -0.498882
0.380636 1.7 -0.463806
0.424264 1.7 -0.424264
0.463806 1.7 -0.380636
0.498882 1.7 -0.333342
0.529153 1.7 -0.282838
0.554328 1.7 -0.22961
0.574164 1.7 -0.174171
0.588471 1.7 -0.117054
0.597111 1.7 -0.0588103
0.9 1.5 0
0.895666 1.5 0.0882154
0.882707 1.5 0.175581
0.861246 1.5 0.261256
0.831492 1.5 0.344415
0.793729 1.5 0.424257
0.748323 1.5 0.500013
0.695709 1.5 0.570954
0.636396 1.5 0.636396
0.570954 1.5 0.695709
0.500013 1.5 0.748323
0.424257 1.5 0.793729
0.344415 1.5 0.831492
0.261256 1.5 0.861246
0.175581 1.5 0.882707
0.0882154 1.5 0.895666
-3.93403e-08 1.5 0.9
-0.0882154 1.5 0.895666
-0.175581 1.5 0.882707
-0.261256 1.5 0.861246
-0.344415 1.5 0.831492
-0.424257 1.5 0.793729
-0.500013 1.5 0.748323
-0.570954 1.5 0.695709
-0.636396 1.5 0.636396
-0.695709 1.5 0.570954
-0.748323 1.5 0.500013
-0.793729 1.5 0.424257
-0.831492 1.5 0.344415
-0.861246 1.5 0.261256
-0.882707 1.5 0.175581
-0.895666 1.5 0.0882154
-0.9 1.5 -7.86805e-08
-0.895666 1.5 -0.0882153
-0.882707 1.5 -0.175581
-0.861246 1.5 -0.261256
-0.831492 1.5 -0.344415
-0.793729 1.5 -0.424257
-0.748323 1.5 -0.500013
-0.695709 1.5 -0.570954
-0.636396 1.5 -0.636396
-0.570954 1.5 -0.695709
-0.500013 1.5 -0.748323
-0.424257 1.5 -0.793729
-0.344415 1.5 -0.831492
-0.261256 1.5 -0.861246
-0.175581 1.5 -0.882707
-0.0882152 1.5 -0.895666
1.07324e-08 1.5 -0.9
0.0882153 1.5 -0.895666
0.175581 1.5 -0.882707
0.261256 1.5 -0.861246
0.344415 1.5 -0.831491
0.424257 1.5 -0.793729
0.500013 1.5 -0.748323
0.570954 1.5 -0.695709
0.636396 1.5 -0.636396
0.695709 1.5 -0.570954
0.748323 1.5 -0.500013
0.793729 1.5 -0.424257
0.831492 1.5 -0.344415
0.861246 1.5 -0.261256
0.882707 1.5 -0.175581
0.895666 1.5 -0.0882155
1.4 1.4 0
1.39326 1.4 0.137224
1.3731 1.4 0.273126
1.33972 1.4 0.406399
1.29343 1.4 0.535757
1.23469 1.4 0.659955
1.16406 1.4 0.777798
1.08221 1.4 0.888151
0.989949 1.4 0.98995
0.888151 1.4 1.08221
0.777798 1.4 1.16406
0.659955 1.4 1.23469
0.535757 1.4 1.29343
0.406398 1.4 1.33972
0.273126 1.4 1.3731
0.137224 1.4 1.39326
-6.11959e-08 1.4 1.4
-0.137224 1.4 1.39326
-0.273126 1.4 1.3731
-0.406399 1.4 1.33972
-0.535757 1.4 1.29343
-0.659955 1.4 1.23469
-0.777798 1.4 1.16406
-0.888151 1.4 1.08221
-0.989949 1.4 0.989949
-1.08221 1.4 0.888151
-1.16406 1.4 0.777798
-1.23469 1.4 0.659956
-1.29343 1.4 0.535757
-1.33972 1.4 0.406399
-1.3731 1.4 0.273126
-1.39326 1.4 0.137224
-1.4 1.4 -1.22392e-07
-1.39326 1.4 -0.137224
-1.3731 1.4 -0.273126
-1.33972 1.4 -0.406399
-1.29343 1.4 -0.535757
-1.23469 1.4 -0.659956
-1.16406 1.4 -0.777798
-1.08221 1.4 -0.88815
-0.98995 1.4 -0.989949
-0.888151 1.4 -1.08221
-0.777799 1.4 -1.16406
-0.659955 1.4 -1.23469
-0.535757 1.4 -1.29343
-0.406398 1.4 -1.33972
-0.273127 1.4 -1.3731
-0.137224 1.4 -1.39326
1.66948e-08 1.4 -1.4
0.137224 1.4 -1.39326
0.273127 1.4 -1.3731
0.406398 1.4 -1.33972
0.535757 1.4 -1.29343
0.659955 1.4 -1.23469
0.777798 1.4 -1.16406
0.888151 1.4 -1.08221
0.989949 1.4 -0.98995
1.08221 1.4 -0.88815
1.16406 1.4 -0.777798
1.23469 1.4 -0.659955
1.29343 1.4 -0.535757
1.33972 1.4 -0.406399
1.3731 1.4 -0.273126
1.39326 1.4 -0.137224
1.7 1.3 0
1.69181 1.3 0.166629
1.66734 1.3 0.331654
1.6268 1.3 0.493484
1.5706 1.3 0.650562
1.49927 1.3 0.801374
1.4135 1.3 0.944469
1.31412 1.3 1.07847
1.20208 1.3 1.20208
1.07847 1.3 1.31412
0.944469 1.3 1.4135
0.801375 1.3 1.49927
0.650562 1.3 1.5706
0.493484 1.3 1.6268
0.331654 1.3 1.66734
0.166629 1.3 1.69181
-7.43094e-08 1.3 1.7
-0.166629 1.3 1.69181
-0.331654 1.3 1.66734
-0.493484 1.3 1.6268
-0.650562 1.3 1.5706
-0.801374 1.3 1.49927
-0.944469 1.3 1.4135
-1.07847 1.3 1.31412
-1.20208 1.3 1.20208
-1.31412 1.3 1.07847
-1.4135 1.3 0.944469
-1.49927 1.3 0.801375
-1.5706 1.3 0.650562
-1.6268 1.3 0.493484
-1.66734 1.3 0.331654
-1.69181 1.3 0.166629
-1.7 1.3 -1.48619e-07
-1.69181 1.3 -0.166629
-1.66734 1.3 -0.331653
-1.6268 1.3 -0.493484
-1.5706 1.3 -0.650562
-1.49927 1.3 -0.801375
-1.4135 1.3 -0.94447
-1.31412 1.3 -1.07847
-1.20208 1.3 -1.20208
-1.07847 1.3 -1.31412
-0.94447 1.3 -1.4135
-0.801374 1.3 -1.49927
-0.650562 1.3 -1.5706
-0.493484 1.3 -1.6268
-0.331654 1.3 -1.66734
-0.166629 1.3 -1.69181
2.02723e-08 1.3 -1.7
0.166629 1.3 -1.69181
0.331654 1.3 -1.66734
0.493484 1.3 -1.6268
0.650562 1.3 -1.5706
0.801374 1.3 -1.49927
0.944469 1.3 -1.4135
1.07847 1.3 -1.31412
1.20208 1.3 -1.20208
1.31412 1.3 -1.07847
1.4135 1.3 -0.94447
1.49927 1.3 -0.801374
1.5706 1.3 -0.650562
1.6268 1.3 -0.493484
1.66734 1.3 -0.331653
1.69181 1.3 -0.166629
1.7 1.2 0
1.69181 1.2 0.166629
1.66734 1.2 0.331654
1.6268 1.2 0.493484
1.5706 1.2 0.650562
1.49927 1.2 0.801374
1.4135 1.2 0.944469
1.31412 1.2 1.07847
1.20208 1.2 1.20208
1.07847 1.2 1.31412
0.944469 1.2 1.4135
0.801375 1.2 1.49927
0.650562 1.2 1.5706
0.493484 1.2 1.6268
0.331654 1.2 1.66734
0.166629 1.2 1.69181
-7.43094e-08 1.2 1.7
-0.166629 1.2 1.69181
-0.331654 1.2 1.66734
-0.493484 1.2 1.6268
-0.650562 1.2 1.5706
-0.801374 1.2 1.49927
-0.944469 1.2 1.4135
-1.07847 1.2 1.31412
-1.20208 1.2 1.20208
-1.31412 1.2 1.07847
-1.4135 1.2 0.944469
-1.49927 1.2 0.801375
-1.5706 1.2 0.650562
-1.6268 1.2 0.493484
-1.66734 1.2 0.331654
-1.69181 1.2 0.166629
-1.7 1.2 -1.48619e-07
-1.69181 1.2 -0.166629
-1.66734 1.2 -0.331653
-1.6268 1.2 -0.493484
-1.5706 1.2 -0.650562
-1.49927 1.2 -0.801375
-1.4135 1.2 -0.94447
-1.31412 1.2 -1.07847
-1.20208 1.2 -1.20208
-1.07847 1.2 -1.31412
-0.94447 1.2 -1.4135
-0.801374 1.2 -1.49927
-0.650562 1.2 -1.5706
-0.493484 1.2 -1.6268
-0.331654 1.2 -1.66734
-0.166629 1.2 -1.69181
2.02723e-08 1.2 -1.7
0.166629 1.2 -1.69181
0.331654 1.2 -1.66734
0.493484 1.2 -1.6268
0.650562 1.2 -1.5706
0.801374 1.2 -1.49927
0.944469 1.2 -1.4135
1.07847 1.2 -1.31412
1.20208 1.2 -1.20208
1.31412 1.2 -1.07847
1.4135 1.2 -0.94447
1.49927 1.2 -0.801374
1.5706 1.2 -0.650562
1.6268 1.2 -0.493484
1.66734 1.2 -0.331653
1.69181 1.2 -0.166629
1.3 10.5 0
1.29374 10.5 0.127422
1.27502 10.5 0.253617
1.24402 10.5 0.37737
1.20104 10.5 0.497488
1.1465 10.5 0.612816
1.08091 10.5 0.722241
1.00491 10.5 0.824711
0.919239 10.5 0.919239
0.824711 10.5 1.00491
0.722241 10.5 1.08091
0.612816 10.5 1.1465
0.497488 10.5 1.20104
0.37737 10.5 1.24402
0.253617 10.5 1.27502
0.127422 10.5 1.29374
-5.68248e-08 10.5 1.3
-0.127422 10.5 1.29374
-0.253617 10.5 1.27502
-0.37737 10.5 1.24402
-0.497488 10.5 1.20104
-0.612816 10.5 1.1465
-0.722241 10.5 1.08091
-0.824711 10.5 1.00491
-0.919239 10.5 0.919239
-1.00491 10.5 0.824711
-1.08091 10.5 0.722241
-1.1465 10.5 0.612816
-1.20104 10.5 0.497489
-1.24402 10.5 0.37737
-1.27502 10.5 0.253617
-1.29374 10.5 0.127422
-1.3 10.5 -1.1365e-07
-1.29374 10.5 -0.127422
-1.27502 10.5 -0.253617
-1.24402 10.5 -0.37737
-1.20104 10.5 -0.497488
-1.1465 10.5 -0.612816
-1.08091 10.5 -0.722241
-1.00491 10.5 -0.824711
-0.919239 10.5 -0.919239
-0.824711 10.5 -1.00491
-0.722242 10.5 -1.08091
-0.612816 10.5 -1.1465
-0.497489 10.5 -1.20104
-0.37737 10.5 -1.24402
-0.253617 10.5 -1.27502
-0.127422 10.5 -1.29374
1.55023e-08 10.5 -1.3
0.127422 10.5 -1.29374
0.253618 10.5 -1.27502
0.37737 10.5 -1.24402
0.497489 10.5 -1.20104
0.612816 10.5 -1.1465
0.722241 10.5 -1.08091
0.824711 10.5 -1.00491
0.919239 10.5 -0.919239
1.00491 10.5 -0.824711
1.08091 10.5 -0.722241
1.1465 10.5 -0.612815
1.20104 10.5 -0.497488
1.24402 10.5 -0.37737
1.27502 10.5 -0.253617
1.29374 10.5 -0.127422
1.6 9.4 0
1.5923 9.4 0.156827
1.56926 9.4 0.312145
1.5311 9.4 0.464455
1.47821 9.4 0.612294
1.41107 9.4 0.754235
1.33035 9.4 0.888912
1.23682 9.4 1.01503
1.13137 9.4 1.13137
1.01503 9.4 1.23682
0.888912 9.4 1.33035
0.754235 9.4 1.41107
0.612293 9.4 1.47821
0.464455 9.4 1.5311
0.312145 9.4 1.56926
0.156827 9.4 1.5923
-6.99382e-08 9.4 1.6
-0.156827 9.4 1.5923
-0.312145 9.4 1.56926
-0.464456 9.4 1.5311
-0.612293 9.4 1.47821
-0.754235 9.4 1.41107
-0.888912 9.4 1.33035
-1.01503 9.4 1.23682
-1.13137 9.4 1.13137
-1.23682 9.4 1.01503
-1.33035 9.4 0.888912
-1.41107 9.4 0.754235
-1.47821 9.4 0.612294
-1.5311 9.4 0.464456
-1.56926 9.4 0.312145
-1.5923 9.4 0.156827
-1.6 9.4 -1.39876e-07
-1.5923 9.4 -0.156827
-1.56926 9.4 -0.312144
-1.5311 9.4 -0.464455
-1.47821 9.4 -0.612294
-1.41107 9.4 -0.754235
-1.33035 9.4 -0.888912
-1.23682 9.4 -1.01503
-1.13137 9.4 -1.13137
-1.01503 9.4 -1.23682
-0.888913 9.4 -1.33035
-0.754235 9.4 -1.41107
-0.612294 9.4 -1.47821
-0.464455 9.4 -1.5311
-0.312145 9.4 -1.56926
-0.156827 9.4 -1.5923
1.90798e-08 9.4 -1.6
0.156827 9.4 -1.5923
0.312145 9.4 -1.56926
0.464455 9.4 -1.5311
0.612294 9.4 -1.47821
0.754235 9.4 -1.41107
0.888912 9.4 -1.33035
1.01503 9.4 -1.23682
1.13137 9.4 -1.13137
1.23682 9.4 -1.01503
1.33035 9.4 -0.888912
1.41107 9.4 -0.754234
1.47821 9.4 -0.612293
1.5311 9.4 -0.464456
1.56926 9.4 -0.312144
1.5923 9.4 -0.156828
1.7 8.3 0
1.69181 8.3 0.166629
1.66734 8.3 0.331654
1.6268 8.3 0.493484
1.5706 8.3 0.650562
1.49927 8.3 0.801374
1.4135 8.3 0.944469
1.31412 8.3 1.07847
1.20208 8.3 1.20208
1.07847 8.3 1.31412
0.944469 8.3 1.4135
0.801375 8.3 1.49927
0.650562 8.3 1.5706
0.493484 8.3 1.6268
0.331654 8.3 1.66734
0.166629 8.3 1.69181
-7.43094e-08 8.3 1.7
-0.166629 8.3 1.69181
-0.331654 8.3 1.66734
-0.493484 8.3 1.6268
-0.650562 8.3 1.5706
-0.801374 8.3 1.49927
-0.944469 8.3 1.4135
-1.07847 8.3 1.31412
-1.20208 8.3 1.20208
-1.31412 8.3 1.07847
-1.4135 8.3 0.944469
-1.49927 8.3 0.801375
-1.5706 8.3 0.650562
-1.6268 8.3 0.493484
-1.66734 8.3 0.331654
-1.69181 8.3 0.166629
-1.7 8.3 -1.48619e-07
-1.69181 8.3 -0.166629
-1.66734 8.3 -0.331653
-1.6268 8.3 -0.493484
-1.5706 8.3 -0.650562
-1.49927 8.3 -0.801375
-1.4135 8.3 -0.94447
-1.31412 8.3 -1.07847
-1.20208 8.3 -1.20208
-1.07847 8.3 -1.31412
-0.94447 8.3 -1.4135
-0.801374 8.3 -1.49927
-0.650562 8.3 -1.5706
-0.493484 8.3 -1.6268
-0.331654 8.3 -1.66734
-0.166629 8.3 -1.69181
2.02723e-08 8.3 -1.7
0.166629 8.3 -1.69181
0.331654 8.3 -1.66734
0.493484 8.3 -1.6268
0.650562 8.3 -1.5706
0.801374 8.3 -1.49927
0.944469 8.3 -1.4135
1.07847 8.3 -1.31412
1.20208 8.3 -1.20208
1.31412 8.3 -1.07847
1.4135 8.3 -0.94447
1.49927 8.3 -0.801374
1.5706 8.3 -0.650562
1.6268 8.3 -0.493484
1.66734 8.3 -0.331653
1.69181 8.3 -0.166629
1.8 7.7 0
1.79133 7.7 0.176431
1.76541 7.7 0.351163
1.72249 7.7 0.522512
1.66298 7.7 0.68883
1.58746 7.7 0.848514
1.49665 7.7 1.00003
1.39142 7.7 1.14191
1.27279 7.7 1.27279
1.14191 7.7 1.39142
1.00003 7.7 1.49665
0.848514 7.7 1.58746
0.68883 7.7 1.66298
0.522512 7.7 1.72249
0.351163 7.7 1.76541
0.176431 7.7 1.79133
-7.86805e-08 7.7 1.8
-0.176431 7.7 1.79133
-0.351163 7.7 1.76541
-0.522512 7.7 1.72249
-0.68883 7.7 1.66298
-0.848514 7.7 1.58746
-1.00003 7.7 1.49665
-1.14191 7.7 1.39142
-1.27279 7.7 1.27279
-1.39142 7.7 1.14191
-1.49665 7.7 1.00003
-1.58746 7.7 0.848514
-1.66298 7.7 0.68883
-1.72249 7.7 0.522512
-1.76541 7.7 0.351163
-1.79133 7.7 0.176431
-1.8 7.7 -1.57361e-07
-1.79133 7.7 -0.176431
-1.76541 7.7 -0.351162
-1.72249 7.7 -0.522512
-1.66298 7.7 -0.68883
-1.58746 7.7 -0.848514
-1.49665 7.7 -1.00003
-1.39142 7.7 -1.14191
-1.27279 7.7 -1.27279
-1.14191 7.7 -1.39142
-1.00003 7.7 -1.49665
-0.848514 7.7 -1.58746
-0.68883 7.7 -1.66298
-0.522512 7.7 -1.72249
-0.351163 7.7 -1.76541
-0.17643 7.7 -1.79133
2.14648e-08 7.7 -1.8
0.176431 7.7 -1.79133
0.351163 7.7 -1.76541
0.522512 7.7 -1.72249
0.68883 7.7 -1.66298
0.848514 7.7 -1.58746
1.00003 7.7 -1.49665
1.14191 7.7 -1.39142
1.27279 7.7 -1.27279
1.39142 7.7 -1.14191
1.49665 7.7 -1.00003
1.58746 7.7 -0.848514
1.66298 7.7 -0.68883
1.72249 7.7 -0.522513
1.76541 7.7 -0.351162
1.79133 7.7 -0.176431
1.8 7 0
1.79133 7 0.176431
1.76541 7 0.351163
1.72249 7 0.522512
1.66298 7 0.68883
1.58746 7 0.848514
1.49665 7 1.00003
1.39142 7 1.14191
1.27279 7 1.27279
1.14191 7 1.39142
1.00003 7 1.49665
0.848514 7 1.58746
0.68883 7 1.66298
0.522512 7 1.72249
0.351163 7 1.76541
0.176431 7 1.79133
-7.86805e-08 7 1.8
-0.176431 7 1.79133
-0.351163 7 1.76541
-0.522512 7 1.72249
-0.68883 7 1.66298
-0.848514 7 1.58746
-1.00003 7 1.49665
-1.14191 7 1.39142
-1.27279 7 1.27279
-1.39142 7 1.14191
-1.49665 7 1.00003
-1.58746 7 0.848514
-1.66298 7 0.68883
-1.72249 7 0.522512
-1.76541 7 0.351163
-1.79133 7 0.176431
-1.8 7 -1.57361e-07
-1.79133 7 -0.176431
-1.76541 7 -0.351162
-1.72249 7 -0.522512
-1.66298 7 -0.68883
-1.58746 7 -0.848514
-1.49665 7 -1.00003
-1.39142 7 -1.14191
-1.27279 7 -1.27279
-1.14191 7 -1.39142
-1.00003 7 -1.49665
-0.848514 7 -1.58746
-0.68883 7 -1.66298
-0.522512 7 -1.72249
-0.351163 7 -1.76541
-0.17643 7 -1.79133
2.14648e-08 7 -1.8
0.176431 7 -1.79133
0.351163 7 -1.76541
0.522512 7 -1.72249
0.68883 7 -1.66298
0.848514 7 -1.58746
1.00003 7 -1.49665
1.14191 7 -1.39142
1.27279 7 -1.27279
1.39142 7 -1.14191
1.49665 7 -1.00003
1.58746 7 -0.848514
1.66298 7 -0.68883
1.72249 7 -0.522513
1.76541 7 -0.351162
1.79133 7 -0.176431
1.7 6.6 0
1.69181 6.6 0.166629
1.66734 6.6 0.331654
1.6268 6.6 0.493484
1.5706 6.6 0.650562
1.49927 6.6 0.801374
1.4135 6.6 0.944469
1.31412 6.6 1.07847
1.20208 6.6 1.20208
1.07847 6.6 1.31412
0.944469 6.6 1.4135
0.801375 6.6 1.49927
0.650562 6.6 1.5706
0.493484 6.6 1.6268
0.331654 6.6 1.66734
0.166629 6.6 1.69181
-7.43094e-08 6.6 1.7
-0.166629 6.6 1.69181
-0.331654 6.6 1.66734
-0.493484 6.6 1.6268
-0.650562 6.6 1.5706
-0.801374 6.6 1.49927
-0.944469 6.6 1.4135
-1.07847 6.6 1.31412
-1.20208 6.6 1.20208
-1.31412 6.6 1.07847
-1.4135 6.6 0.944469
-1.49927 6.6 0.801375
-1.5706 6.6 0.650562
-1.6268 6.6 0.493484
-1.66734 6.6 0.331654
-1.69181 6.6 0.166629
-1.7 6.6 -1.48619e-07
-1.69181 6.6 -0.166629
-1.66734 6.6 -0.331653
-1.6268 6.6 -0.493484
-1.5706 6.6 -0.650562
-1.49927 6.6 -0.801375
-1.4135 6.6 -0.94447
-1.31412 6.6 -1.07847
-1.20208 6.6 -1.20208
-1.07847 6.6 -1.31412
-0.94447 6.6 -1.4135
-0.801374 6.6 -1.49927
-0.650562 6.6 -1.5706
-0.493484 6.6 -1.6268
-0.331654 6.6 -1.66734
-0.166629 6.6 -1.69181
2.02723e-08 6.6 -1.7
0.166629 6.6 -1.69181
0.331654 6.6 -1.66734
0.493484 6.6 -1.6268
0.650562 6.6 -1.5706
0.801374 6.6 -1.49927
0.944469 6.6 -1.4135
1.07847 6.6 -1.31412
1.20208 6.6 -1.20208
1.31412 6.6 -1.07847
1.4135 6.6 -0.94447
1.49927 6.6 -0.801374
1.5706 6.6 -0.650562
1.6268 6.6 -0.493484
1.66734 6.6 -0.331653
1.69181 6.6 -0.166629
1.5 6.2 0
1.49278 6.2 0.147026
1.47118 6.2 0.292636
1.43541 6.2 0.435427
1.38582 6.2 0.574025
1.32288 6.2 0.707095
1.2472 6.2 0.833355
1.15952 6.2 0.95159
1.06066 6.2 1.06066
0.95159 6.2 1.15952
0.833355 6.2 1.2472
0.707095 6.2 1.32288
0.574025 6.2 1.38582
0.435427 6.2 1.43541
0.292636 6.2 1.47118
0.147026 6.2 1.49278
-6.55671e-08 6.2 1.5
-0.147026 6.2 1.49278
-0.292636 6.2 1.47118
-0.435427 6.2 1.43541
-0.574025 6.2 1.38582
-0.707095 6.2 1.32288
-0.833355 6.2 1.2472
-0.95159 6.2 1.15952
-1.06066 6.2 1.06066
-1.15952 6.2 0.95159
-1.2472 6.2 0.833355
-1.32288 6.2 0.707095
-1.38582 6.2 0.574025
-1.43541 6.2 0.435427
-1.47118 6.2 0.292635
-1.49278 6.2 0.147026
-1.5 6.2 -1.31134e-07
-1.49278 6.2 -0.147026
-1.47118 6.2 -0.292635
-1.43541 6.2 -0.435427
-1.38582 6.2 -0.574025
-1.32288 6.2 -0.707095
-1.2472 6.2 -0.833355
-1.15952 6.2 -0.95159
-1.06066 6.2 -1.06066
-0.95159 6.2 -1.15952
-0.833356 6.2 -1.2472
-0.707095 6.2 -1.32288
-0.574025 6.2 -1.38582
-0.435427 6.2 -1.43541
-0.292636 6.2 -1.47118
-0.147025 6.2 -1.49278
1.78873e-08 6.2 -1.5
0.147025 6.2 -1.49278
0.292636 6.2 -1.47118
0.435427 6.2 -1.43541
0.574025 6.2 -1.38582
0.707095 6.2 -1.32288
0.833355 6.2 -1.2472
0.95159 6.2 -1.15952
1.06066 6.2 -1.06066
1.15952 6.2 -0.95159
1.2472 6.2 -0.833355
1.32288 6.2 -0.707095
1.38582 6.2 -0.574025
1.43541 6.2 -0.435427
1.47118 6.2 -0.292635
1.49278 6.2 -0.147026
1.3 5.9 0
1.29374 5.9 0.127422
1.27502 5.9 0.253617
1.24402 5.9 0.37737
1.20104 5.9 0.497488
1.1465 5.9 0.612816
1.08091 5.9 0.722241
1.00491 5.9 0.824711
0.919239 5.9 0.919239
0.824711 5.9 1.00491
0.722241 5.9 1.08091
0.612816 5.9 1.1465
0.497488 5.9 1.20104
0.37737 5.9 1.24402
0.253617 5.9 1.27502
0.127422 5.9 1.29374
-5.68248e-08 5.9 1.3
-0.127422 5.9 1.29374
-0.253617 5.9 1.27502
-0.37737 5.9 1.24402
-0.497488 5.9 1.20104
-0.612816 5.9 1.1465
-0.722241 5.9 1.08091
-0.824711 5.9 1.00491
-0.919239 5.9 0.919239
-1.00491 5.9 0.824711
-1.08091 5.9 0.722241
-1.1465 5.9 0.612816
-1.20104 5.9 0.497489
-1.24402 5.9 0.37737
-1.27502 5.9 0.253617
-1.29374 5.9 0.127422
-1.3 5.9 -1.1365e-07
-1.29374 5.9 -0.127422
-1.27502 5.9 -0.253617
-1.24402 5.9 -0.37737
-1.20104 5.9 -0.497488
-1.1465 5.9 -0.612816
-1.08091 5.9 -0.722241
-1.00491 5.9 -0.824711
-0.919239 5.9 -0.919239
-0.824711 5.9 -1.00491
-0.722242 5.9 -1.08091
-0.612816 5.9 -1.1465
-0.497489 5.9 -1.20104
-0.37737 5.9 -1.24402
-0.253617 5.9 -1.27502
-0.127422 5.9 -1.29374
1.55023e-08 5.9 -1.3
0.127422 5.9 -1.29374
0.253618 5.9 -1.27502
0.37737 5.9 -1.24402
0.497489 5.9 -1.20104
0.612816 5.9 -1.1465
0.722241 5.9 -1.08091
0.824711 5.9 -1.00491
0.919239 5.9 -0.919239
1.00491 5.9 -0.824711
1.08091 5.9 -0.722241
1.1465 5.9 -0.612815
1.20104 5.9 -0.497488
1.24402 5.9 -0.37737
1.27502 5.9 -0.253617
1.29374 5.9 -0.127422
1 5.5 0
0.995185 5.5 0.0980171
0.980785 5.5 0.19509
0.95694 5.5 0.290285
0.92388 5.5 0.382683
0.881921 5.5 0.471397
0.83147 5.5 0.55557
0.77301 5.5 0.634393
0.707107 5.5 0.707107
0.634393 5.5 0.77301
0.55557 5.5 0.83147
0.471397 5.5 0.881921
0.382683 5.5 0.92388
0.290285 5.5 0.95694
0.19509 5.5 0.980785
0.0980171 5.5 0.995185
-4.37114e-08 5.5 1
-0.0980171 5.5 0.995185
-0.19509 5.5 0.980785
-0.290285 5.5 0.95694
-0.382683 5.5 0.92388
-0.471397 5.5 0.881921
-0.55557 5.5 0.83147
-0.634393 5.5 0.77301
-0.707107 5.5 0.707107
-0.77301 5.5 0.634393
-0.83147 5.5 0.55557
-0.881921 5.5 0.471397
-0.92388 5.5 0.382683
-0.95694 5.5 0.290285
-0.980785 5.5 0.19509
-0.995185 5.5 0.0980171
-1 5.5 -8.74228e-08
-0.995185 5.5 -0.098017
-0.980785 5.5 -0.19509
-0.95694 5.5 -0.290285
-0.92388 5.5 -0.382683
-0.881921 5.5 -0.471397
-0.83147 5.5 -0.55557
-0.773011 5.5 -0.634393
-0.707107 5.5 -0.707107
-0.634393 5.5 -0.77301
-0.55557 5.5 -0.831469
-0.471397 5.5 -0.881921
-0.382684 5.5 -0.92388
-0.290285 5.5 -0.95694
-0.19509 5.5 -0.980785
-0.0980169 5.5 -0.995185
1.19249e-08 5.5 -1
0.098017 5.5 -0.995185
0.19509 5.5 -0.980785
0.290285 5.5 -0.95694
0.382684 5.5 -0.923879
0.471397 5.5 -0.881921
0.55557 5.5 -0.83147
0.634393 5.5 -0.77301
0.707107 5.5 -0.707107
0.773011 5.5 -0.634393
0.83147 5.5 -0.55557
0.881921 5.5 -0.471397
0.92388 5.5 -0.382683
0.95694 5.5 -0.290285
0.980785 5.5 -0.19509
0.995185 5.5 -0.0980172
0.7 5.4 0
0.696629 5.4 0.068612
0.68655 5.4 0.136563
0.669858 5.4 0.203199
0.646716 5.4 0.267878
0.617345 5.4 0.329978
0.582029 5.4 0.388899
0.541107 5.4 0.444075
0.494975 5.4 0.494975
0.444075 5.4 0.541107
0.388899 5.4 0.582029
0.329978 5.4 0.617345
0.267878 5.4 0.646716
0.203199 5.4 0.669858
0.136563 5.4 0.68655
0.068612 5.4 0.696629
-3.0598e-08 5.4 0.7
-0.068612 5.4 0.696629
-0.136563 5.4 0.68655
-0.203199 5.4 0.669858
-0.267878 5.4 0.646716
-0.329978 5.4 0.617345
-0.388899 5.4 0.582029
-0.444075 5.4 0.541107
-0.494975 5.4 0.494975
-0.541107 5.4 0.444075
-0.582029 5.4 0.388899
-0.617345 5.4 0.329978
-0.646716 5.4 0.267878
-0.669858 5.4 0.203199
-0.68655 5.4 0.136563
-0.696629 5.4 0.068612
-0.7 5.4 -6.11959e-08
-0.696629 5.4 -0.0686119
-0.68655 5.4 -0.136563
-0.669858 5.4 -0.203199
-0.646716 5.4 -0.267878
-0.617345 5.4 -0.329978
-0.582029 5.4 -0.388899
-0.541107 5.4 -0.444075
-0.494975 5.4 -0.494975
-0.444075 5.4 -0.541107
-0.388899 5.4 -0.582029
-0.329978 5.4 -0.617345
-0.267879 5.4 -0.646716
-0.203199 5.4 -0.669858
-0.136563 5.4 -0.68655
-0.0686119 5.4 -0.696629
8.34742e-09 5.4 -0.7
0.0686119 5.4 -0.696629
0.136563 5.4 -0.68655
0.203199 5.4 -0.669858
0.267879 5.4 -0.646716
0.329978 5.4 -0.617345
0.388899 5.4 -0.582029
0.444075 5.4 -0.541107
0.494975 5.4 -0.494975
0.541107 5.4 -0.444075
0.582029 5.4 -0.388899
0.617345 5.4 -0.329978
0.646716 5.4 -0.267878
0.669858 5.4 -0.203199
0.68655 5.4 -0.136563
0.696629 5.4 -0.0686121
0.2 5.2 0
0.199037 5.2 0.0196034
0.196157 5.2 0.0390181
0.191388 5.2 0.0580569
0.184776 5.2 0.0765367
0.176384 5.2 0.0942793
0.166294 5.2 0.111114
0.154602 5.2 0.126879
0.141421 5.2 0.141421
0.126879 5.2 0.154602
0.111114 5.2 0.166294
0.0942794 5.2 0.176384
0.0765367 5.2 0.184776
0.0580569 5.2 0.191388
0.0390181 5.2 0.196157
0.0196034 5.2 0.199037
-8.74228e-09 5.2 0.2
-0.0196034 5.2 0.199037
-0.0390181 5.2 0.196157
-0.0580569 5.2 0.191388
-0.0765367 5.2 0.184776
-0.0942793 5.2 0.176384
-0.111114 5.2 0.166294
-0.126879 5.2 0.154602
-0.141421 5.2 0.141421
-0.154602 5.2 0.126879
-0.166294 5.2 0.111114
-0.176384 5.2 0.0942794
-0.184776 5.2 0.0765367
-0.191388 5.2 0.0580569
-0.196157 5.2 0.0390181
-0.199037 5.2 0.0196034
-0.2 5.2 -1.74846e-08
-0.199037 5.2 -0.0196034
-0.196157 5.2 -0.039018
-0.191388 5.2 -0.0580569
-0.184776 5.2 -0.0765367
-0.176384 5.2 -0.0942794
-0.166294 5.2 -0.111114
-0.154602 5.2 -0.126879
-0.141421 5.2 -0.141421
-0.126879 5.2 -0.154602
-0.111114 5.2 -0.166294
-0.0942793 5.2 -0.176384
-0.0765367 5.2 -0.184776
-0.0580569 5.2 -0.191388
-0.0390181 5.2 -0.196157
-0.0196034 5.2 -0.199037
2.38498e-09 5.2 -0.2
0.0196034 5.2 -0.199037
0.0390181 5.2 -0.196157
0.0580569 5.2 -0.191388
0.0765367 5.2 -0.184776
0.0942793 5.2 -0.176384
0.111114 5.2 -0.166294
0.126879 5.2 -0.154602
0.141421 5.2 -0.141421
0.154602 5.2 -0.126879
0.166294 5.2 -0.111114
0.176384 5.2 -0.0942793
0.184776 5.2 -0.0765367
0.191388 5.2 -0.058057
0.196157 5.2 -0.039018
0.199037 5.2 -0.0196034
0 1.2 0
0 5.2 0
3 0 1 65
3 0 65 64
3 1 2 66
3 1 66 65
3 2 3 67
3 2 67 66
3 3 4 68
3 3 68 67
3 4 5 69
3 4 69 68
3 5 6 70
3 5 70 69
3 6 7 71
3 6 71 70
3 7 8 72
3 7 72 71
3 8 9 73
3 8 73 72
3 9 10 74
3 9 74 73
3 10 11 75
3 10 75 74
3 11 12 76
3 11 76 75
3 12 13 77
3 12 77 76
3 13 14 78
3 13 78 77
3 14 15 79
3 14 79 78
3 15 16 80
3 15 80 79
3 16 17 81
3 16 81 80
3 17 18 82
3 17 82 81
3 18 19 83
3 18 83 82
3 19 20 84
3 19 84 83
3 20 21 85
3 20 85 84
3 21 22 86
3 21 86 85
3 22 23 87
3 22 87 86
3 23 24 88
3 23 88 87
3 24 25 89
3 24 89 88
3 25 26 90
3 25 90 89
3 26 27 91
3 26 91 90
3 27 28 92
3 27 92 91
3 28 29 93
3 28 93 92
3 29 30 94
3 29 94 93
3 30 31 95
3 30 95 94
3 31 32 96
3 31 96 95
3 32 33 97
3 32 97 96
3 33 34 98
3 33 98 97
3 34 35 99
3 34 99 98
3 35 36 100
3 35 100 99
3 36 37 101
3 36 101 100
3 37 38 102
3 37 102 101
3 38 39 103
3 38 103 102
3 39 40 104
3 39 104 103
3 40 41 105
3 40 105 104
3 41 42 106
3 41 106 105
3 42 43 107
3 42 107 106
3 43 44 108
3 43 108 107
3 44 45 109
3 44 109 108
3 45 46 110
3 45 110 109
3 46 47 111
3 46 111 110
3 47 48 112
3 47 112 111
3 48 49 113
3 48 113 112
3 49 50 114
3 49 114 113
3 50 51 115
3 50 115 114
3 51 52 116
3 51 116 115
3 52 53 117
3 52 117 116
3 53 54 118
3 53 118 117
3 54 55 119
3 54 119 118
3 55 56 120
3 55 120 119
3 56 57 121
3 56 121 120
3 57 58 122
3 57 122 121
3 58 59 123
3 58 123 122
3 59 60 124
3 59 124 123
3 60 61 125
3 60 125 124
3 61 62 126
3 61 126 125
3 62 63 127
3 62 127 126
3 63 0 64
3 63 64 127
3 64 65 129
3 64 129 128
3 65 66 130
3 65 130 129
3 66 67 131
3 66 131 130
3 67 68 132
3 67 132 131
3 68 69 133
3 68 133 132
3 69 70 134
3 69 134 133
3 70 71 135
3 70 135 134
3 71 72 136
3 71 136 135
3 72 73 137
3 72 137 136
3 73 74 138
3 73 138 137
3 74 75 139
3 74 139 138
3 75 76 140
3 75 140 139
3 76 77 141
3 76 141 140
3 77 78 142
3 77 142 141
3 78 79 143
3 78 143 142
3 79 80 144
3 79 144 143
3 80 81 145
3 80 145 144
3 81 82 146
3 81 146 145
3 82 83 147
3 82 147 146
3 83 84 148
3 83 148 147
3 84 85 149
3 84 149 148
3 85 86 150
3 85 150 149
3 86 87 151
3 86 151 150
3 87 88 152
3 87 152 151
3 88 89 153
3 88 153 152
3 89 90 154
3 89 154 153
3 90 91 155
3 90 155 154
3 91 92 156
3 91 156 155
3 92 93 157
3 92 157 156
3 93 94 158
3 93 158 157
3 94 95 159
3 94 159 158
3 95 96 160
3 95 160 159
3 96 97 161
3 96 161 160
3 97 98 162
3 97 162 161
3 98 99 163
3 98 163 162
3 99 100 164
3 99 164 163
3 100 101 165
3 100 165 164
3 101 102 166
3 101 166 165
3 102 103 167
3 102 167 166
3 103 104 168
3 103 168 167
3 104 105 169
3 104 169 168
3 105 106 170
3 105 170 169
3 106 107 171
3 106 171 170
3 107 108 172
3 107 172 171
3 108 109 173
3 108 173 172
3 109 110 174
3 109 174 173
3 110 111 175
3 110 175 174
3 111 112 176
3 111 176 175
3 112 113 177
3 112 177 176
3 113 114 178
3 113 178 177
3 114 115 179
3 114 179 178
3 115 116 180
3 115 180 179
3 116 117 181
3 116 181 180
3 117 118 182
3 117 182 181
3 118 119 183
3 118 183 182
3 119 120 184
3 119 184 183
3 120 121 185
3 120 185 184
3 121 122 186
3 121 186 185
3 122 123 187
3 122 187 186
3 123 124 188
3 123 188 187
3 124 125 189
3 124 189 188
3 125 126 190
3 125 190 189
3 126 127 191
3 126 191 190
3 127 64 128
3 127 128 191
3 128 129 193
3 128 193 192
3 129 130 194
3 129 194 193
3 130 131 195
3 130 195 194
3 131 132 196
3 131 196 195
3 132 133 197
3 132 197 196
3 133 134 198
3 133 198 197
3 134 135 199
3 134 199 198
3 135 136 200
3 135 200 199
3 136 137 201
3 136 201 200
3 137 138 202
3 137 202 201
3 138 139 203
3 138 203 202
3 139 140 204
3 139 204 203
3 140 141 205
3 140 205 204
3 141 142 206
3 141 206 205
3 142 143 207
3 142 207 206
3 143 144 208
3 143 208 207
3 144 145 209
3 144 209 208
3 145 146 210
3 145 210 209
3 146 147 211
3 146 211 210
3 147 148 212
3 147 212 211
3 148 149 213
3 148 213 212
3 149 150 214
3 149 214 213
3 150 151 215
3 150 215 214
3 151 152 216
3 151 216 215
3 152 153 217
3 152 217 216
3 153 154 218
3 153 218 217
3 154 155 219
3 154 219 218
3 155 156 220
3 155 220 219
3 156 157 221
3 156 221 220
3 157 158 222
3 157 222 221
3 158 159 223
3 158 223 222
3 159 160 224
3 159 224 223
3 160 161 225
3 160 225 224
3 161 162 226
3 161 226 225
3 162 163 227
3 162 227 226
3 163 164 228
3 163 228 227
3 164 165 229
3 164 229 228
3 165 166 230
3 165 230 229
3 166 167 231
3 166 231 230
3 167 168 232
3 167 232 231
3 168 169 233
3 168 233 232
3 169 170 234
3 169 234 233
3 170 171 235
3 170 235 234
3 171 172 236
3 171 236 235
3 172 173 237
3 172 237 236
3 173 174 238
3 173 238 237
3 174 175 239
3 174 239 238
3 175 176 240
3 175 240 239
3 176 177 241
3 176 241 240
3 177 178 242
3 177 242 241
3 178 179 243
3 178 243 242
3 179 180 244
3 179 244 243
3 180 181 245
3 180 245 244
3 181 182 246
3 181 246 245
3 182 183 247
3 182 247 246
3 183 184 248
3 183 248 247
3 184 185 249
3 184 249 248
3 185 186 250
3 185 250 249
3 186 187 251
3 186 251 250
3 187 188 252
3 187 252 251
3 188 189 253
3 188 253 252
3 189 190 254
3 189 254 253
3 190 191 255
3 190 255 254
3 191 128 192
3 191 192 255
3 192 193 257
3 192 257 256
3 193 194 258
3 193 258 257
3 194 195 259
3 194 259 258
3 195 196 260
3 195 260 259
3 196 197 261
3 196 261 260
3 197 198 262
3 197 262 261
3 198 199 263
3 198 263 262
3 199 200 264
3 199 264 263
3 200 201 265
3 200 265 264
3 201 202 266
3 201 266 265
3 202 203 267
3 202 267 266
3 203 204 268
3 203 268 267
3 204 205 269
3 204 269 268
3 205 206 270
3 205 270 269
3 206 207 271
3 206 271 270
3 207 208 272
3 207 272 271
3 208 209 273
3 208 273 272
3 209 210 274
3 209 274 273
3 210 211 275
3 210 275 274
3 211 212 276
3 211 276 275
3 212 213 277
3 212 277 276
3 213 214 278
3 213 278 277
3 214 215 279
3 214 279 278
3 215 216 280
3 215 280 279
3 216 217 281
3 216 281 280
3 217 218 282
3 217 282 281
3 218 219 283
3 218 283 282
3 219 220 284
3 219 284 283
3 220 221 285
3 220 285 284
3 221 222 286
3 221 286 285
3 222 223 287
3 222 287 286
3 223 224 288
3 223 288 287
3 224 225 289
3 224 289 288
3 225 226 290
3 225 290 289
3 226 227 291
3 226 291 290
3 227 228 292
3 227 292 291
3 228 229 293
3 228 293 292
3 229 230 294
3 229 294 293
3 230 231 295
3 230 295 294
3 231 232 296
3 231 296 295
3 232 233 297
3 232 297 296
3 233 234 298
3 233 298 297
3 234 235 299
3 234 299 298
3 235 236 300
3 235 300 299
3 236 237 301
3 236 301 300
3 237 238 302
3 237 302 301
3 238 239 303
3 238 303 302
3 239 240 304
3 239 304 303
3 240 241 305
3 240 305 304
3 241 242 306
3 241 306 305
3 242 243 307
3 242 307 306
3 243 244 308
3 243 308 307
3 244 245 309
3 244 309 308
3 245 246 310
3 245 310 309
3 246 247 311
3 246 311 310
3 247 248 312
3 247 312 311
3 248 249 313
3 248 313 312
3 249 250 314
3 249 314 313
3 250 251 315
3 250 315 314
3 251 252 316
3 251 316 315
3 252 253 317
3 252 317 316
3 253 254 318
3 253 318 317
3 254 255 319
3 254 319 318
3 255 192 256
3 255 256 319
3 256 257 321
3 256 321 320
3 257 258 322
3 257 322 321
3 258 259 323
3 258 323 322
3 259 260 324
3 259 324 323
3 260 261 325
3 260 325 324
3 261 262 326
3 261 326 325
3 262 263 327
3 262 327 326
3 263 264 328
3 263 328 327
3 264 265 329
3 264 329 328
3 265 266 330
3 265 330 329
3 266 267 331
3 266 331 330
3 267 268 332
3 267 332 331
3 268 269 333
3 268 333 332
3 269 270 334
3 269 334 333
3 270 271 335
3 270 335 334
3 271 272 336
3 271 336 335
3 272 273 337
3 272 337 336
3 273 274 338
3 273 338 337
3 274 275 339
3 274 339 338
3 275 276 340
3 275 340 339
3 276 277 341
3 276 341 340
3 277 278 342
3 277 342 341
3 278 279 343
3 278 343 342
3 279 280 344
3 279 344 343
3 280 281 345
3 280 345 344
3 281 282 346
3 281 346 345
3 282 283 347
3 282 347 346
3 283 284 348
3 283 348 347
3 284 285 349
3 284 349 348
3 285 286 350
3 285 350 349
3 286 287 351
3 286 351 350
3 287 288 352
3 287 352 351
3 288 289 353
3 288 353 352
3 289 290 354
3 289 354 353
3 290 291 355
3 290 355 354
3 291 292 356
3 291 356 355
3 292 293 357
3 292 357 356
3 293 294 358
3 293 358 357
3 294 295 359
3 294 359 358
3 295 296 360
3 295 360 359
3 296 297 361
3 296 361 360
3 297 298 362
3 297 362 361
3 298 299 363
3 298 363 362
3 299 300 364
3 299 364 363
3 300 301 365
3 300 365 364
3 301 302 366
3 301 366 365
3 302 303 367
3 302 367 366
3 303 304 368
3 303 368 367
3 304 305 369
3 304 369 368
3 305 306 370
3 305 370 369
3 306 307 371
3 306 371 370
3 307 308 372
3 307 372 371
3 308 309 373
3 308 373 372
3 309 310 374
3 309 374 373
3 310 311 375
3 310 375 374
3 311 312 376
3 311 376 375
3 312 313 377
3 312 377 376
3 313 314 378
3 313 378 377
3 314 315 379
3 314 379 378
3 315 316 380
3 315 380 379
3 316 317 381
3 316 381 380
3 317 318 382
3 317 382 381
3 318 319 383
3 318 383 382
3 319 256 320
3 319 320 383
3 320 321 385
3 320 385 384
3 321 322 386
3 321 386 385
3 322 323 387
3 322 387 386
3 323 324 388
3 323 388 387
3 324 325 389
3 324 389 388
3 325 326 390
3 325 390 389
3 326 327 391
3 326 391 390
3 327 328 392
3 327 392 391
3 328 329 393
3 328 393 392
3 329 330 394
3 329 394 393
3 330 331 395
3 330 395 394
3 331 332 396
3 331 396 395
3 332 333 397
3 332 397 396
3 333 334 398
3 333 398 397
3 334 335 399
3 334 399 398
3 335 336 400
3 335 400 399
3 336 337 401
3 336 401 400
3 337 338 402
3 337 402 401
3 338 339 403
3 338 403 402
3 339 340 404
3 339 404 403
3 340 341 405
3 340 405 404
3 341 342 406
3 341 406 405
3 342 343 407
3 342 407 406
3 343 344 408
3 343 408 407
3 344 345 409
3 344 409 408
3 345 346 410
3 345 410 409
3 346 347 411
3 346 411 410
3 347 348 412
3 347 412 411
3 348 349 413
3 348 413 412
3 349 350 414
3 349 414 413
3 350 351 415
3 350 415 414
3 351 352 416
3 351 416 415
3 352 353 417
3 352 417 416
3 353 354 418
3 353 418 417
3 354 355 419
3 354 419 418
3 355 356 420
3 355 420 419
3 356 357 421
3 356 421 420
3 357 358 422
3 357 422 421
3 358 359 423
3 358 423 422
3 359 360 424
3 359 424 423
3 360 361 425
3 360 425 424
3 361 362 426
3 361 426 425
3 362 363 427
3 362 427 426
3 363 364 428
3 363 428 427
3 364 365 429
3 364 429 428
3 365 366 430
3 365 430 429
3 366 367 431
3 366 431 430
3 367 368 432
3 367 432 431
3 368 369 433
3 368 433 432
3 369 370 434
3 369 434 433
3 370 371 435
3 370 435 434
3 371 372 436
3 371 436 435
3 372 373 437
3 372 437 436
3 373 374 438
3 373 438 437
3 374 375 439
3 374 439 438
3 375 376 440
3 375 440 439
3 376 377 441
3 376 441 440
3 377 378 442
3 377 442 441
3 378 379 443
3 378 443 442
3 379 380 444
3 379 444 443
3 380 381 445
3 380 445 444
3 381 382 446
3 381 446 445
3 382 383 447
3 382 447 446
3 383 320 384
3 383 384 447
3 384 385 449
3 384 449 448
3 385 386 450
3 385 450 449
3 386 387 451
3 386 451 450
3 387 388 452
3 387 452 451
3 388 389 453
3 388 453 452
3 389 390 454
3 389 454 453
3 390 391 455
3 390 455 454
3 391 392 456
3 391 456 455
3 392 393 457
3 392 457 456
3 393 394 458
3 393 458 457
3 394 395 459
3 394 459 458
3 395 396 460
3 395 460 459
3 396 397 461
3 396 461 460
3 397 398 462
3 397 462 461
3 398 399 463
3 398 463 462
3 399 400 464
3 399 464 463
3 400 401 465
3 400 465 464
3 401 402 466
3 401 466 465
3 402 403 467
3 402 467 466
3 403 404 468
3 403 468 467
3 404 405 469
3 404 469 468
3 405 406 470
3 405 470 469
3 406 407 471
3 406 471 470
3 407 408 472
3 407 472 471
3 408 409 473
3 408 473 472
3 409 410 474
3 409 474 473
3 410 411 475
3 410 475 474
3 411 412 476
3 411 476 475
3 412 413 477
3 412 477 476
3 413 414 478
3 413 478 477
3 414 415 479
3 414 479 478
3 415 416 480
3 415 480 479
3 416 417 481
3 416 481 480
3 417 418 482
3 417 482 481
3 418 419 483
3 418 483 482
3 419 420 484
3 419 484 483
3 420 421 485
3 420 485 484
3 421 422 486
3 421 486 485
3 422 423 487
3 422 487 486
3 423 424 488
3 423 488 487
3 424 425 489
3 424 489 488
3 425 426 490
3 425 490 489
3 426 427 491
3 426 491 490
3 427 428 492
3 427 492 491
3 428 429 493
3 428 493 492
3 429 430 494
3 429 494 493
3 430 431 495
3 430 495 494
3 431 432 496
3 431 496 495
3 432 433 497
3 432 497 496
3 433 434 498
3 433 498 497
3 434 435 499
3 434 499 498
3 435 436 500
3 435 500 499
3 436 437 501
3 436 501 500
3 437 438 502
3 437 502 501
3 438 439 503
3 438 503 502
3 439 440 504
3 439 504 503
3 440 441 505
3 440 505 504
3 441 442 506
3 441 506 505
3 442 443 507
3 442 507 506
3 443 444 508
3 443 508 507
3 444 445 509
3 444 509 508
3 445 446 510
3 445 510 509
3 446 447 511
3 446 511 510
3 447 384 448
3 447 448 511
3 448 449 513
3 448 513 512
3 449 450 514
3 449 514 513
3 450 451 515
3 450 515 514
3 451 452 516
3 451 516 515
3 452 453 517
3 452 517 516
3 453 454 518
3 453 518 517
3 454 455 519
3 454 519 518
3 455 456 520
3 455 520 519
3 456 457 521
3 456 521 520
3 457 458 522
3 457 522 521
3 458 459 523
3 458 523 522
3 459 460 524
3 459 524 523
3 460 461 525
3 460 525 524
3 461 462 526
3 461 526 525
3 462 463 527
3 462 527 526
3 463 464 528
3 463 528 527
3 464 465 529
3 464 529 528
3 465 466 530
3 465 530 529
3 466 467 531
3 466 531 530
3 467 468 532
3 467 532 531
3 468 469 533
3 468 533 532
3 469 470 534
3 469 534 533
3 470 471 535
3 470 535 534
3 471 472 536
3 471 536 535
3 472 473 537
3 472 537 536
3 473 474 538
3 473 538 537
3 474 475 539
3 474 539 538
3 475 476 540
3 475 540 539
3 476 477 541
3 476 541 540
3 477 478 542
3 477 542 541
3 478 479 543
3 478 543 542
3 479 480 544
3 479 544 543
3 480 481 545
3 480 545 544
3 481 482 546
3 481 546 545
3 482 483 547
3 482 547 546
3 483 484 548
3 483 548 547
3 484 485 549
3 484 549 548
3 485 486 550
3 485 550 549
3 486 487 551
3 486 551 550
3 487 488 552
3 487 552 551
3 488 489 553
3 488 553 552
3 489 490 554
3 489 554 553
3 490 491 555
3 490 555 554
3 491 492 556
3 491 556 555
3 492 493 557
3 492 557 556
3 493 494 558
3 493 558 557
3 494 495 559
3 494 559 558
3 495 496 560
3 495 560 559
3 496 497 561
3 496 561 560
3 497 498 562
3 497 562 561
3 498 499 563
3 498 563 562
3 499 500 564
3 499 564 563
3 500 501 565
3 500 565 564
3 501 502 566
3 501 566 565
3 502 503 567
3 502 567 566
3 503 504 568
3 503 568 567
3 504 505 569
3 504 569 568
3 505 506 570
3 505 570 569
3 506 507 571
3 506 571 570
3 507 508 572
3 507 572 571
3 508 509 573
3 508 573 572
3 509 510 574
3 509 574 573
3 510 511 575
3 510 575 574
3 511 448 512
3 511 512 575
3 512 513 577
3 512 577 576
3 513 514 578
3 513 578 577
3 514 515 579
3 514 579 578
3 515 516 580
3 515 580 579
3 516 517 581
3 516 581 580
3 517 518 582
3 517 582 581
3 518 519 583
3 518 583 582
3 519 520 584
3 519 584 583
3 520 521 585
3 520 585 584
3 521 522 586
3 521 586 585
3 522 523 587
3 522 587 586
3 523 524 588
3 523 588 587
3 524 525 589
3 524 589 588
3 525 526 590
3 525 590 589
3 526 527 591
3 526 591 590
3 527 528 592
3 527 592 591
3 528 529 593
3 528 593 592
3 529 530 594
3 529 594 593
3 530 531 595
3 530 595 594
3 531 532 596
3 531 596 595
3 532 533 597
3 532 597 596
3 533 534 598
3 533 598 597
3 534 535 599
3 534 599 598
3 535 536 600
3 535 600 599
3 536 537 601
3 536 601 600
3 537 538 602
3 537 602 601
3 538 539 603
3 538 603 602
3 539 540 604
3 539 604 603
3 540 541 605
3 540 605 604
3 541 542 606
3 541 606 605
3 542 543 607
3 542 607 606
3 543 544 608
3 543 608 607
3 544 545 609
3 544 609 608
3 545 546 610
3 545 610 609
3 546 547 611
3 546 611 610
3 547 548 612
3 547 612 611
3 548 549 613
3 548 613 612
3 549 550 614
3 549 614 613
3 550 551 615
3 550 615 614
3 551 552 616
3 551 616 615
3 552 553 617
3 552 617 616
3 553 554 618
3 553 618 617
3 554 555 619
3 554 619 618
3 555 556 620
3 555 620 619
3 556 557 621
3 556 621 620
3 557 558 622
3 557 622 621
3 558 559 623
3 558 623 622
3 559 560 624
3 559 624 623
3 560 561 625
3 560 625 624
3 561 562 626
3 561 626 625
3 562 563 627
3 562 627 626
3 563 564 628
3 563 628 627
3 564 565 629
3 564 629 628
3 565 566 630
3 565 630 629
3 566 567 631
3 566 631 630
3 567 568 632
3 567 632 631
3 568 569 633
3 568 633 632
3 569 570 634
3 569 634 633
3 570 571 635
3 570 635 634
3 571 572 636
3 571 636 635
3 572 573 637
3 572 637 636
3 573 574 638
3 573 638 637
3 574 575 639
3 574 639 638
3 575 512 576
3 575 576 639
3 576 577 641
3 576 641 640
3 577 578 642
3 577 642 641
3 578 579 643
3 578 643 642
3 579 580 644
3 579 644 643
3 580 581 645
3 580 645 644
3 581 582 646
3 581 646 645
3 582 583 647
3 582 647 646
3 583 584 648
3 583 648 647
3 584 585 649
3 584 649 648
3 585 586 650
3 585 650 649
3 586 587 651
3 586 651 650
3 587 588 652
3 587 652 651
3 588 589 653
3 588 653 652
3 589 590 654
3 589 654 653
3 590 591 655
3 590 655 654
3 591 592 656
3 591 656 655
3 592 593 657
3 592 657 656
3 593 594 658
3 593 658 657
3 594 595 659
3 594 659 658
3 595 596 660
3 595 660 659
3 596 597 661
3 596 661 660
3 597 598 662
3 597 662 661
3 598 599 663
3 598 663 662
3 599 600 664
3 599 664 663
3 600 601 665
3 600 665 664
3 601 602 666
3 601 666 665
3 602 603 667
3 602 667 666
3 603 604 668
3 603 668 667
3 604 605 669
3 604 669 668
3 605 606 670
3 605 670 669
3 606 607 671
3 606 671 670
3 607 608 672
3 607 672 671
3 608 609 673
3 608 673 672
3 609 610 674
3 609 674 673
3 610 611 675
3 610 675 674
3 611 612 676
3 611 676 675
3 612 613 677
3 612 677 676
3 613 614 678
3 613 678 677
3 614 615 679
3 614 679 678
3 615 616 680
3 615 680 679
3 616 617 681
3 616 681 680
3 617 618 682
3 617 682 681
3 618 619 683
3 618 683 682
3 619 620 684
3 619 684 683
3 620 621 685
3 620 685 684
3 621 622 686
3 621 686 685
3 622 623 687
3 622 687 686
3 623 624 688
3 623 688 687
3 624 625 689
3 624 689 688
3 625 626 690
3 625 690 689
3 626 627 691
3 626 691 690
3 627 628 692
3 627 692 691
3 628 629 693
3 628 693 692
3 629 630 694
3 629 694 693
3 630 631 695
3 630 695 694
3 631 632 696
3 631 696 695
3 632 633 697
3 632 697 696
3 633 634 698
3 633 698 697
3 634 635 699
3 634 699 698
3 635 636 700
3 635 700 699
3 636 637 701
3 636 701 700
3 637 638 702
3 637 702 701
3 638 639 703
3 638 703 702
3 639 576 640
3 639 640 703
3 640 641 705
3 640 705 704
3 641 642 706
3 641 706 705
3 642 643 707
3 642 707 706
3 643 644 708
3 643 708 707
3 644 645 709
3 644 709 708
3 645 646 710
3 645 710 709
3 646 647 711
3 646 711 710
3 647 648 712
3 647 712 711
3 648 649 713
3 648 713 712
3 649 650 714
3 649 714 713
3 650 651 715
3 650 715 714
3 651 652 716
3 651 716 715
3 652 653 717
3 652 717 716
3 653 654 718
3 653 718 717
3 654 655 719
3 654 719 718
3 655 656 720
3 655 720 719
3 656 657 721
3 656 721 720
3 657 658 722
3 657 722 721
3 658 659 723
3 658 723 722
3 659 660 724
3 659 724 723
3 660 661 725
3 660 725 724
3 661 662 726
3 661 726 725
3 662 663 727
3 662 727 726
3 663 664 728
3 663 728 727
3 664 665 729
3 664 729 728
3 665 666 730
3 665 730 729
3 666 667 731
3 666 731 730
3 667 668 732
3 667 732 731
3 668 669 733
3 668 733 732
3 669 670 734
3 669 734 733
3 670 671 735
3 670 735 734
3 671 672 736
3 671 736 735
3 672 673 737
3 672 737 736
3 673 674 738
3 673 738 737
3 674 675 739
3 674 739 738
3 675 676 740
3 675 740 739
3 676 677 741
3 676 741 740
3 677 678 742
3 677 742 741
3 678 679 743
3 678 743 742
3 679 680 744
3 679 744 743
3 680 681 745
3 680 745 744
3 681 682 746
3 681 746 745
3 682 683 747
3 682 747 746
3 683 684 748
3 683 748 747
3 684 685 749
3 684 749 748
3 685 686 750
3 685 750 749
3 686 687 751
3 686 751 750
3 687 688 752
3 687 752 751
3 688 689 753
3 688 753 752
3 689 690 754
3 689 754 753
3 690 691 755
3 690 755 754
3 691 692 756
3 691 756 755
3 692 693 757
3 692 757 756
3 693 694 758
3 693 758 757
3 694 695 759
3 694 759 758
3 695 696 760
3 695 760 759
3 696 697 761
3 696 761 760
3 697 698 762
3 697 762 761
3 698 699 763
3 698 763 762
3 699 700 764
3 699 764 763
3 700 701 765
3 700 765 764
3 701 702 766
3 701 766 765
3 702 703 767
3 702 767 766
3 703 640 704
3 703 704 767
3 704 705 769
3 704 769 768
3 705 706 770
3 705 770 769
3 706 707 771
3 706 771 770
3 707 708 772
3 707 772 771
3 708 709 773
3 708 773 772
3 709 710 774
3 709 774 773
3 710 711 775
3 710 775 774
3 711 712 776
3 711 776 775
3 712 713 777
3 712 777 776
3 713 714 778
3 713 778 777
3 714 715 779
3 714 779 778
3 715 716 780
3 715 780 779
3 716 717 781
3 716 781 780
3 717 718 782
3 717 782 781
3 718 719 783
3 718 783 782
3 719 720 784
3 719 784 783
3 720 721 785
3 720 785 784
3 721 722 786
3 721 786 785
3 722 723 787
3 722 787 786
3 723 724 788
3 723 788 787
3 724 725 789
3 724 789 788
3 725 726 790
3 725 790 789
3 726 727 791
3 726 791 790
3 727 728 792
3 727 792 791
3 728 729 793
3 728 793 792
3 729 730 794
3 729 794 793
3 730 731 795
3 730 795 794
3 731 732 796
3 731 796 795
3 732 733 797
3 732 797 796
3 733 734 798
3 733 798 797
3 734 735 799
3 734 799 798
3 735 736 800
3 735 800 799
3 736 737 801
3 736 801 800
3 737 738 802
3 737 802 801
3 738 739 803
3 738 803 802
3 739 740 804
3 739 804 803
3 740 741 805
3 740 805 804
3 741 742 806
3 741 806 805
3 742 743 807
3 742 807 806
3 743 744 808
3 743 808 807
3 744 745 809
3 744 809 808
3 745 746 810
3 745 810 809
3 746 747 811
3 746 811 810
3 747 748 812
3 747 812 811
3 748 749 813
3 748 813 812
3 749 750 814
3 749 814 813
3 750 751 815
3 750 815 814
3 751 752 816
3 751 816 815
3 752 753 817
3 752 817 816
3 753 754 818
3 753 818 817
3 754 755 819
3 754 819 818
3 755 756 820
3 755 820 819
3 756 757 821
3 756 821 820
3 757 758 822
3 757 822 821
3 758 759 823
3 758 823 822
3 759 760 824
3 759 824 823
3 760 761 825
3 760 825 824
3 761 762 826
3 761 826 825
3 762 763 827
3 762 827 826
3 763 764 828
3 763 828 827
3 764 765 829
3 764 829 828
3 765 766 830
3 765 830 829
3 766 767 831
3 766 831 830
3 767 704 768
3 767 768 831
3 768 769 833
3 768 833 832
3 769 770 834
3 769 834 833
3 770 771 835
3 770 835 834
3 771 772 836
3 771 836 835
3 772 773 837
3 772 837 836
3 773 774 838
3 773 838 837
3 774 775 839
3 774 839 838
3 775 776 840
3 775 840 839
3 776 777 841
3 776 841 840
3 777 778 842
3 777 842 841
3 778 779 843
3 778 843 842
3 779 780 844
3 779 844 843
3 780 781 845
3 780 845 844
3 781 782 846
3 781 846 845
3 782 783 847
3 782 847 846
3 783 784 848
3 783 848 847
3 784 785 849
3 784 849 848
3 785 786 850
3 785 850 849
3 786 787 851
3 786 851 850
3 787 788 852
3 787 852 851
3 788 789 853
3 788 853 852
3 789 790 854
3 789 854 853
3 790 791 855
3 790 855 854
3 791 792 856
3 791 856 855
3 792 793 857
3 792 857 856
3 793 794 858
3 793 858 857
3 794 795 859
3 794 859 858
3 795 796 860
3 795 860 859
3 796 797 861
3 796 861 860
3 797 798 862
3 797 862 861
3 798 799 863
3 798 863 862
3 799 800 864
3 799 864 863
3 800 801 865
3 800 865 864
3 801 802 866
3 801 866 865
3 802 803 867
3 802 867 866
3 803 804 868
3 803 868 867
3 804 805 869
3 804 869 868
3 805 806 870
3 805 870 869
3 806 807 871
3 806 871 870
3 807 808 872
3 807 872 871
3 808 809 873
3 808 873 872
3 809 810 874
3 809 874 873
3 810 811 875
3 810 875 874
3 811 812 876
3 811 876 875
3 812 813 877
3 812 877 876
3 813 814 878
3 813 878 877
3 814 815 879
3 814 879 878
3 815 816 880
3 815 880 879
3 816 817 881
3 816 881 880
3 817 818 882
3 817 882 881
3 818 819 883
3 818 883 882
3 819 820 884
3 819 884 883
3 820 821 885
3 820 885 884
3 821 822 886
3 821 886 885
3 822 823 887
3 822 887 886
3 823 824 888
3 823 888 887
3 824 825 889
3 824 889 888
3 825 826 890
3 825 890 889
3 826 827 891
3 826 891 890
3 827 828 892
3 827 892 891
3 828 829 893
3 828 893 892
3 829 830 894
3 829 894 893
3 830 831 895
3 830 895 894
3 831 768 832
3 831 832 895
3 832 833 897
3 832 897 896
3 833 834 898
3 833 898 897
3 834 835 899
3 834 899 898
3 835 836 900
3 835 900 899
3 836 837 901
3 836 901 900
3 837 838 902
3 837 902 901
3 838 839 903
3 838 903 902
3 839 840 904
3 839 904 903
3 840 841 905
3 840 905 904
3 841 842 906
3 841 906 905
3 842 843 907
3 842 907 906
3 843 844 908
3 843 908 907
3 844 845 909
3 844 909 908
3 845 846 910
3 845 910 909
3 846 847 911
3 846 911 910
3 847 848 912
3 847 912 911
3 848 849 913
3 848 913 912
3 849 850 914
3 849 914 913
3 850 851 915
3 850 915 914
3 851 852 916
3 851 916 915
3 852 853 917
3 852 917 916
3 853 854 918
3 853 918 917
3 854 855 919
3 854 919 918
3 855 856 920
3 855 920 919
3 856 857 921
3 856 921 920
3 857 858 922
3 857 922 921
3 858 859 923
3 858 923 922
3 859 860 924
3 859 924 923
3 860 861 925
3 860 925 924
3 861 862 926
3 861 926 925
3 862 863 927
3 862 927 926
3 863 864 928
3 863 928 927
3 864 865 929
3 864 929 928
3 865 866 930
3 865 930 929
3 866 867 931
3 866 931 930
3 867 868 932
3 867 932 931
3 868 869 933
3 868 933 932
3 869 870 934
3 869 934 933
3 870 871 935
3 870 935 934
3 871 872 936
3 871 936 935
3 872 873 937
3 872 937 936
3 873 874 938
3 873 938 937
3 874 875 939
3 874 939 938
3 875 876 940
3 875 940 939
3 876 877 941
3 876 941 940
3 877 878 942
3 877 942 941
3 878 879 943
3 878 943 942
3 879 880 944
3 879 944 943
3 880 881 945
3 880 945 944
3 881 882 946
3 881 946 945
3 882 883 947
3 882 947 946
3 883 884 948
3 883 948 947
3 884 885 949
3 884 949 948
3 885 886 950
3 885 950 949
3 886 887 951
3 886 951 950
3 887 888 952
3 887 952 951
3 888 889 953
3 888 953 952
3 889 890 954
3 889 954 953
3 890 891 955
3 890 955 954
3 891 892 956
3 891 956 955
3 892 893 957
3 892 957 956
3 893 894 958
3 893 958 957
3 894 895 959
3 894 959 958
3 895 832 896
3 895 896 959
3 896 897 961
3 896 961 960
3 897 898 962
3 897 962 961
3 898 899 963
3 898 963 962
3 899 900 964
3 899 964 963
3 900 901 965
3 900 965 964
3 901 902 966
3 901 966 965
3 902 903 967
3 902 967 966
3 903 904 968
3 903 968 967
3 904 905 969
3 904 969 968
3 905 906 970
3 905 970 969
3 906 907 971
3 906 971 970
3 907 908 972
3 907 972 971
3 908 909 973
3 908 973 972
3 909 910 974
3 909 974 973
3 910 911 975
3 910 975 974
3 911 912 976
3 911 976 975
3 912 913 977
3 912 977 976
3 913 914 978
3 913 978 977
3 914 915 979
3 914 979 978
3 915 916 980
3 915 980 979
3 916 917 981
3 916 981 980
3 917 918 982
3 917 982 981
3 918 919 983
3 918 983 982
3 919 920 984
3 919 984 983
3 920 921 985
3 920 985 984
3 921 922 986
3 921 986 985
3 922 923 987
3 922 987 986
3 923 924 988
3 923 988 987
3 924 925 989
3 924 989 988
3 925 926 990
3 925 990 989
3 926 927 991
3 926 991 990
3 927 928 992
3 927 992 991
3 928 929 993
3 928 993 992
3 929 930 994
3 929 994 993
3 930 931 995
3 930 995 994
3 931 932 996
3 931 996 995
3 932 933 997
3 932 997 996
3 933 934 998
3 933 998 997
3 934 935 999
3 934 999 998
3 935 936 1000
3 935 1000 999
3 936 937 1001
3 936 1001 1000
3 937 938 1002
3 937 1002 1001
3 938 939 1003
3 938 1003 1002
3 939 940 1004
3 939 1004 1003
3 940 941 1005
3 940 1005 1004
3 941 942 1006
3 941 1006 1005
3 942 943 1007
3 942 1007 1006
3 943 944 1008
3 943 1008 1007
3 944 945 1009
3 944 1009 1008
3 945 946 1010
3 945 1010 1009
3 946 947 1011
3 946 1011 1010
3 947 948 1012
3 947 1012 1011
3 948 949 1013
3 948 1013 1012
3 949 950 1014
3 949 1014 1013
3 950 951 1015
3 950 1015 1014
3 951 952 1016
3 951 1016 1015
3 952 953 1017
3 952 1017 1016
3 953 954 1018
3 953 1018 1017
3 954 955 1019
3 954 1019 1018
3 955 956 1020
3 955 1020 1019
3 956 957 1021
3 956 1021 1020
3 957 958 1022
3 957 1022 1021
3 958 959 1023
3 958 1023 1022
3 959 896 960
3 959 960 1023
3 960 961 1025
3 960 1025 1024
3 961 962 1026
3 961 1026 1025
3 962 963 1027
3 962 1027 1026
3 963 964 1028
3 963 1028 1027
3 964 965 1029
3 964 1029 1028
3 965 966 1030
3 965 1030 1029
3 966 967 1031
3 966 1031 1030
3 967 968 1032
3 967 1032 1031
3 968 969 1033
3 968 1033 1032
3 969 970 1034
3 969 1034 1033
3 970 971 1035
3 970 1035 1034
3 971 972 1036
3 971 1036 1035
3 972 973 1037
3 972 1037 1036
3 973 974 1038
3 973 1038 1037
3 974 975 1039
3 974 1039 1038
3 975 976 1040
3 975 1040 1039
3 976 977 1041
3 976 1041 1040
3 977 978 1042
3 977 1042 1041
3 978 979 1043
3 978 1043 1042
3 979 980 1044
3 979 1044 1043
3 980 981 1045
3 980 1045 1044
3 981 982 1046
3 981 1046 1045
3 982 983 1047
3 982 1047 1046
3 983 984 1048
3 983 1048 1047
3 984 985 1049
3 984 1049 1048
3 985 986 1050
3 985 1050 1049
3 986 987 1051
3 986 1051 1050
3 987 988 1052
3 987 1052 1051
3 988 989 1053
3 988 1053 1052
3 989 990 1054
3 989 1054 1053
3 990 991 1055
3 990 1055 1054
3 991 992 1056
3 991 1056 1055
3 992 993 1057
3 992 1057 1056
3 993 994 1058
3 993 1058 1057
3 994 995 1059
3 994 1059 1058
3 995 996 1060
3 995 1060 1059
3 996 997 1061
3 996 1061 1060
3 997 998 1062
3 997 1062 1061
3 998 999 1063
3 998 1063 1062
3 999 1000 1064
3 999 1064 1063
3 1000 1001 1065
3 1000 1065 1064
3 1001 1002 1066
3 1001 1066 1065
3 1002 1003 1067
3 1002 1067 1066
3 1003 1004 1068
3 1003 1068 1067
3 1004 1005 1069
3 1004 1069 1068
3 1005 1006 1070
3 1005 1070 1069
3 1006 1007 1071
3 1006 1071 1070
3 1007 1008 1072
3 1007 1072 1071
3 1008 1009 1073
3 1008 1073 1072
3 1009 1010 1074
3 1009 1074 1073
3 1010 1011 1075
3 1010 1075 1074
3 1011 1012 1076
3 1011 1076 1075
3 1012 1013 1077
3 1012 1077 1076
3 1013 1014 1078
3 1013 1078 1077
3 1014 1015 1079
3 1014 1079 1078
3 1015 1016 1080
3 1015 1080 1079
3 1016 1017 1081
3 1016 1081 1080
3 1017 1018 1082
3 1017 1082 1081
3 1018 1019 1083
3 1018 1083 1082
3 1019 1020 1084
3 1019 1084 1083
3 1020 1021 1085
3 1020 1085 1084
3 1021 1022 1086
3 1021 1086 1085
3 1022 1023 1087
3 1022 1087 1086
3 1023 960 1024
3 1023 1024 1087
3 1024 1025 1089
3 1024 1089 1088
3 1025 1026 1090
3 1025 1090 1089
3 1026 1027 1091
3 1026 1091 1090
3 1027 1028 1092
3 1027 1092 1091
3 1028 1029 1093
3 1028 1093 1092
3 1029 1030 1094
3 1029 1094 1093
3 1030 1031 1095
3 1030 1095 1094
3 1031 1032 1096
3 1031 1096 1095
3 1032 1033 1097
3 1032 1097 1096
3 1033 1034 1098
3 1033 1098 1097
3 1034 1035 1099
3 1034 1099 1098
3 1035 1036 1100
3 1035 1100 1099
3 1036 1037 1101
3 1036 1101 1100
3 1037 1038 1102
3 1037 1102 1101
3 1038 1039 1103
3 1038 1103 1102
3 1039 1040 1104
3 1039 1104 1103
3 1040 1041 1105
3 1040 1105 1104
3 1041 1042 1106
3 1041 1106 1105
3 1042 1043 1107
3 1042 1107 1106
3 1043 1044 1108
3 1043 1108 1107
3 1044 1045 1109
3 1044 1109 1108
3 1045 1046 1110
3 1045 1110 1109
3 1046 1047 1111
3 1046 1111 1110
3 1047 1048 1112
3 1047 1112 1111
3 1048 1049 1113
3 1048 1113 1112
3 1049 1050 1114
3 1049 1114 1113
3 1050 1051 1115
3 1050 1115 1114
3 1051 1052 1116
3 1051 1116 1115
3 1052 1053 1117
3 1052 1117 1116
3 1053 1054 1118
3 1053 1118 1117
3 1054 1055 1119
3 1054 1119 1118
3 1055 1056 1120
3 1055 1120 1119
3 1056 1057 1121
3 1056 1121 1120
3 1057 1058 1122
3 1057 1122 1121
3 1058 1059 1123
3 1058 1123 1122
3 1059 1060 1124
3 1059 1124 1123
3 1060 1061 1125
3 1060 1125 1124
3 1061 1062 1126
3 1061 1126 1125
3 1062 1063 1127
3 1062 1127 1126
3 1063 1064 1128
3 1063 1128 1127
3 1064 1065 1129
3 1064 1129 1128
3 1065 1066 1130
3 1065 1130 1129
3 1066 1067 1131
3 1066 1131 1130
3 1067 1068 1132
3 1067 1132 1131
3 1068 1069 1133
3 1068 1133 1132
3 1069 1070 1134
3 1069 1134 1133
3 1070 1071 1135
3 1070 1135 1134
3 1071 1072 1136
3 1071 1136 1135
3 1072 1073 1137
3 1072 1137 1136
3 1073 1074 1138
3 1073 1138 1137
3 1074 1075 1139
3 1074 1139 1138
3 1075 1076 1140
3 1075 1140 1139
3 1076 1077 1141
3 1076 1141 1140
3 1077 1078 1142
3 1077 1142 1141
3 1078 1079 1143
3 1078 1143 1142
3 1079 1080 1144
3 1079 1144 1143
3 1080 1081 1145
3 1080 1145 1144
3 1081 1082 1146
3 1081 1146 1145
3 1082 1083 1147
3 1082 1147 1146
3 1083 1084 1148
3 1083 1148 1147
3 1084 1085 1149
3 1084 1149 1148
3 1085 1086 1150
3 1085 1150 1149
3 1086 1087 1151
3 1086 1151 1150
3 1087 1024 1088
3 1087 1088 1151
3 1088 1089 1153
3 1088 1153 1152
3 1089 1090 1154
3 1089 1154 1153
3 1090 1091 1155
3 1090 1155 1154
3 1091 1092 1156
3 1091 1156 1155
3 1092 1093 1157
3 1092 1157 1156
3 1093 1094 1158
3 1093 1158 1157
3 1094 1095 1159
3 1094 1159 1158
3 1095 1096 1160
3 1095 1160 1159
3 1096 1097 1161
3 1096 1161 1160
3 1097 1098 1162
3 1097 1162 1161
3 1098 1099 1163
3 1098 1163 1162
3 1099 1100 1164
3 1099 1164 1163
3 1100 1101 1165
3 1100 1165 1164
3 1101 1102 1166
3 1101 1166 1165
3 1102 1103 1167
3 1102 1167 1166
3 1103 1104 1168
3 1103 1168 1167
3 1104 1105 1169
3 1104 1169 1168
3 1105 1106 1170
3 1105 1170 1169
3 1106 1107 1171
3 1106 1171 1170
3 1107 1108 1172
3 1107 1172 1171
3 1108 1109 1173
3 1108 1173 1172
3 1109 1110 1174
3 1109 1174 1173
3 1110 1111 1175
3 1110 1175 1174
3 1111 1112 1176
3 1111 1176 1175
3 1112 1113 1177
3 1112 1177 1176
3 1113 1114 1178
3 1113 1178 1177
3 1114 1115 1179
3 1114 1179 1178
3 1115 1116 1180
3 1115 1180 1179
3 1116 1117 1181
3 1116 1181 1180
3 1117 1118 1182
3 1117 1182 1181
3 1118 1119 1183
3 1118 1183 1182
3 1119 1120 1184
3 1119 1184 1183
3 1120 1121 1185
3 1120 1185 1184
3 1121 1122 1186
3 1121 1186 1185
3 1122 1123 1187
3 1122 1187 1186
3 1123 1124 1188
3 1123 1188 1187
3 1124 1125 1189
3 1124 1189 1188
3 1125 1126 1190
3 1125 1190 1189
3 1126 1127 1191
3 1126 1191 1190
3 1127 1128 1192
3 1127 1192 1191
3 1128 1129 1193
3 1128 1193 1192
3 1129 1130 1194
3 1129 1194 1193
3 1130 1131 1195
3 1130 1195 1194
3 1131 1132 1196
3 1131 1196 1195
3 1132 1133 1197
3 1132 1197 1196
3 1133 1134 1198
3 1133 1198 1197
3 1134 1135 1199
3 1134 1199 1198
3 1135 1136 1200
3 1135 1200 1199
3 1136 1137 1201
3 1136 1201 1200
3 1137 1138 1202
3 1137 1202 1201
3 1138 1139 1203
3 1138 1203 1202
3 1139 1140 1204
3 1139 1204 1203
3 1140 1141 1205
3 1140 1205 1204
3 1141 1142 1206
3 1141 1206 1205
3 1142 1143 1207
3 1142 1207 1206
3 1143 1144 1208
3 1143 1208 1207
3 1144 1145 1209
3 1144 1209 1208
3 1145 1146 1210
3 1145 1210 1209
3 1146 1147 1211
3 1146 1211 1210
3 1147 1148 1212
3 1147 1212 1211
3 1148 1149 1213
3 1148 1213 1212
3 1149 1150 1214
3 1149 1214 1213
3 1150 1151 1215
3 1150 1215 1214
3 1151 1088 1152
3 1151 1152 1215
3 1152 1153 1217
3 1152 1217 1216
3 1153 1154 1218
3 1153 1218 1217
3 1154 1155 1219
3 1154 1219 1218
3 1155 1156 1220
3 1155 1220 1219
3 1156 1157 1221
3 1156 1221 1220
3 1157 1158 1222
3 1157 1222 1221
3 1158 1159 1223
3 1158 1223 1222
3 1159 1160 1224
3 1159 1224 1223
3 1160 1161 1225
3 1160 1225 1224
3 1161 1162 1226
3 1161 1226 1225
3 1162 1163 1227
3 1162 1227 1226
3 1163 1164 1228
3 1163 1228 1227
3 1164 1165 1229
3 1164 1229 1228
3 1165 1166 1230
3 1165 1230 1229
3 1166 1167 1231
3 1166 1231 1230
3 1167 1168 1232
3 1167 1232 1231
3 1168 1169 1233
3 1168 1233 1232
3 1169 1170 1234
3 1169 1234 1233
3 1170 1171 1235
3 1170 1235 1234
3 1171 1172 1236
3 1171 1236 1235
3 1172 1173 1237
3 1172 1237 1236
3 1173 1174 1238
3 1173 1238 1237
3 1174 1175 1239
3 1174 1239 1238
3 1175 1176 1240
3 1175 1240 1239
3 1176 1177 1241
3 1176 1241 1240
3 1177 1178 1242
3 1177 1242 1241
3 1178 1179 1243
3 1178 1243 1242
3 1179 1180 1244
3 1179 1244 1243
3 1180 1181 1245
3 1180 1245 1244
3 1181 1182 1246
3 1181 1246 1245
3 1182 1183 1247
3 1182 1247 1246
3 1183 1184 1248
3 1183 1248 1247
3 1184 1185 1249
3 1184 1249 1248
3 1185 1186 1250
3 1185 1250 1249
3 1186 1187 1251
3 1186 1251 1250
3 1187 1188 1252
3 1187 1252 1251
3 1188 1189 1253
3 1188 1253 1252
3 1189 1190 1254
3 1189 1254 1253
3 1190 1191 1255
3 1190 1255 1254
3 1191 1192 1256
3 1191 1256 1255
3 1192 1193 1257
3 1192 1257 1256
3 1193 1194 1258
3 1193 1258 1257
3 1194 1195 1259
3 1194 1259 1258
3 1195 1196 1260
3 1195 1260 1259
3 1196 1197 1261
3 1196 1261 1260
3 1197 1198 1262
3 1197 1262 1261
3 1198 1199 1263
3 1198 1263 1262
3 1199 1200 1264
3 1199 1264 1263
3 1200 1201 1265
3 1200 1265 1264
3 1201 1202 1266
3 1201 1266 1265
3 1202 1203 1267
3 1202 1267 1266
3 1203 1204 1268
3 1203 1268 1267
3 1204 1205 1269
3 1204 1269 1268
3 1205 1206 1270
3 1205 1270 1269
3 1206 1207 1271
3 1206 1271 1270
3 1207 1208 1272
3 1207 1272 1271
3 1208 1209 1273
3 1208 1273 1272
3 1209 1210 1274
3 1209 1274 1273
3 1210 1211 1275
3 1210 1275 1274
3 1211 1212 1276
3 1211 1276 1275
3 1212 1213 1277
3 1212 1277 1276
3 1213 1214 1278
3 1213 1278 1277
3 1214 1215 1279
3 1214 1279 1278
3 1215 1152 1216
3 1215 1216 1279
3 1216 1217 1281
3 1216 1281 1280
3 1217 1218 1282
3 1217 1282 1281
3 1218 1219 1283
3 1218 1283 1282
3 1219 1220 1284
3 1219 1284 1283
3 1220 1221 1285
3 1220 1285 1284
3 1221 1222 1286
3 1221 1286 1285
3 1222 1223 1287
3 1222 1287 1286
3 1223 1224 1288
3 1223 1288 1287
3 1224 1225 1289
3 1224 1289 1288
3 1225 1226 1290
3 1225 1290 1289
3 1226 1227 1291
3 1226 1291 1290
3 1227 1228 1292
3 1227 1292 1291
3 1228 1229 1293
3 1228 1293 1292
3 1229 1230 1294
3 1229 1294 1293
3 1230 1231 1295
3 1230 1295 1294
3 1231 1232 1296
3 1231 1296 1295
3 1232 1233 1297
3 1232 1297 1296
3 1233 1234 1298
3 1233 1298 1297
3 1234 1235 1299
3 1234 1299 1298
3 1235 1236 1300
3 1235 1300 1299
3 1236 1237 1301
3 1236 1301 1300
3 1237 1238 1302
3 1237 1302 1301
3 1238 1239 1303
3 1238 1303 1302
3 1239 1240 1304
3 1239 1304 1303
3 1240 1241 1305
3 1240 1305 1304
3 1241 1242 1306
3 1241 1306 1305
3 1242 1243 1307
3 1242 1307 1306
3 1243 1244 1308
3 1243 1308 1307
3 1244 1245 1309
3 1244 1309 1308
3 1245 1246 1310
3 1245 1310 1309
3 1246 1247 1311
3 1246 1311 1310
3 1247 1248 1312
3 1247 1312 1311
3 1248 1249 1313
3 1248 1313 1312
3 1249 1250 1314
3 1249 1314 1313
3 1250 1251 1315
3 1250 1315 1314
3 1251 1252 1316
3 1251 1316 1315
3 1252 1253 1317
3 1252 1317 1316
3 1253 1254 1318
3 1253 1318 1317
3 1254 1255 1319
3 1254 1319 1318
3 1255 1256 1320
3 1255 1320 1319
3 1256 1257 1321
3 1256 1321 1320
3 1257 1258 1322
3 1257 1322 1321
3 1258 1259 1323
3 1258 1323 1322
3 1259 1260 1324
3 1259 1324 1323
3 1260 1261 1325
3 1260 1325 1324
3 1261 1262 1326
3 1261 1326 1325
3 1262 1263 1327
3 1262 1327 1326
3 1263 1264 1328
3 1263 1328 1327
3 1264 1265 1329
3 1264 1329 1328
3 1265 1266 1330
3 1265 1330 1329
3 1266 1267 1331
3 1266 1331 1330
3 1267 1268 1332
3 1267 1332 1331
3 1268 1269 1333
3 1268 1333 1332
3 1269 1270 1334
3 1269 1334 1333
3 1270 1271 1335
3 1270 1335 1334
3 1271 1272 1336
3 1271 1336 1335
3 1272 1273 1337
3 1272 1337 1336
3 1273 1274 1338
3 1273 1338 1337
3 1274 1275 1339
3 1274 1339 1338
3 1275 1276 1340
3 1275 1340 1339
3 1276 1277 1341
3 1276 1341 1340
3 1277 1278 1342
3 1277 1342 1341
3 1278 1279 1343
3 1278 1343 1342
3 1279 1216 1280
3 1279 1280 1343
3 1344 1409 1345
3 1344 1408 1409
3 1345 1410 1346
3 1345 1409 1410
3 1346 1411 1347
3 1346 1410 1411
3 1347 1412 1348
3 1347 1411 1412
3 1348 1413 1349
3 1348 1412 1413
3 1349 1414 1350
3 1349 1413 1414
3 1350 1415 1351
3 1350 1414 1415
3 1351 1416 1352
3 1351 1415 1416
3 1352 1417 1353
3 1352 1416 1417
3 1353 1418 1354
3 1353 1417 1418
3 1354 1419 1355
3 1354 1418 1419
3 1355 1420 1356
3 1355 1419 1420
3 1356 1421 1357
3 1356 1420 1421
3 1357 1422 1358
3 1357 1421 1422
3 1358 1423 1359
3 1358 1422 1423
3 1359 1424 1360
3 1359 1423 1424
3 1360 1425 1361
3 1360 1424 1425
3 1361 1426 1362
3 1361 1425 1426
3 1362 1427 1363
3 1362 1426 1427
3 1363 1428 1364
3 1363 1427 1428
3 1364 1429 1365
3 1364 1428 1429
3 1365 1430 1366
3 1365 1429 1430
3 1366 1431 1367
3 1366 1430 1431
3 1367 1432 1368
3 1367 1431 1432
3 1368 1433 1369
3 1368 1432 1433
3 1369 1434 1370
3 1369 1433 1434
3 1370 1435 1371
3 1370 1434 1435
3 1371 1436 1372
3 1371 1435 1436
3 1372 1437 1373
3 1372 1436 1437
3 1373 1438 1374
3 1373 1437 1438
3 1374 1439 1375
3 1374 1438 1439
3 1375 1440 1376
3 1375 1439 1440
3 1376 1441 1377
3 1376 1440 1441
3 1377 1442 1378
3 1377 1441 1442
3 1378 1443 1379
3 1378 1442 1443
3 1379 1444 1380
3 1379 1443 1444
3 1380 1445 1381
3 1380 1444 1445
3 1381 1446 1382
3 1381 1445 1446
3 1382 1447 1383
3 1382 1446 1447
3 1383 1448 1384
3 1383 1447 1448
3 1384 1449 1385
3 1384 1448 1449
3 1385 1450 1386
3 1385 1449 1450
3 1386 1451 1387
3 1386 1450 1451
3 1387 1452 1388
3 1387 1451 1452
3 1388 1453 1389
3 1388 1452 1453
3 1389 1454 1390
3 1389 1453 1454
3 1390 1455 1391
3 1390 1454 1455
3 1391 1456 1392
3 1391 1455 1456
3 1392 1457 1393
3 1392 1456 1457
3 1393 1458 1394
3 1393 1457 1458
3 1394 1459 1395
3 1394 1458 1459
3 1395 1460 1396
3 1395 1459 1460
3 1396 1461 1397
3 1396 1460 1461
3 1397 1462 1398
3 1397 1461 1462
3 1398 1463 1399
3 1398 1462 1463
3 1399 1464 1400
3 1399 1463 1464
3 1400 1465 1401
3 1400 1464 1465
3 1401 1466 1402
3 1401 1465 1466
3 1402 1467 1403
3 1402 1466 1467
3 1403 1468 1404
3 1403 1467 1468
3 1404 1469 1405
3 1404 1468 1469
3 1405 1470 1406
3 1405 1469 1470
3 1406 1471 1407
3 1406 1470 1471
3 1407 1408 1344
3 1407 1471 1408
3 1408 1473 1409
3 1408 1472 1473
3 1409 1474 1410
3 1409 1473 1474
3 1410 1475 1411
3 1410 1474 1475
3 1411 1476 1412
3 1411 1475 1476
3 1412 1477 1413
3 1412 1476 1477
3 1413 1478 1414
3 1413 1477 1478
3 1414 1479 1415
3 1414 1478 1479
3 1415 1480 1416
3 1415 1479 1480
3 1416 1481 1417
3 1416 1480 1481
3 1417 1482 1418
3 1417 1481 1482
3 1418 1483 1419
3 1418 1482 1483
3 1419 1484 1420
3 1419 1483 1484
3 1420 1485 1421
3 1420 1484 1485
3 1421 1486 1422
3 1421 1485 1486
3 1422 1487 1423
3 1422 1486 1487
3 1423 1488 1424
3 1423 1487 1488
3 1424 1489 1425
3 1424 1488 1489
3 1425 1490 1426
3 1425 1489 1490
3 1426 1491 1427
3 1426 1490 1491
3 1427 1492 1428
3 1427 1491 1492
3 1428 1493 1429
3 1428 1492 1493
3 1429 1494 1430
3 1429 1493 1494
3 1430 1495 1431
3 1430 1494 1495
3 1431 1496 1432
3 1431 1495 1496
3 1432 1497 1433
3 1432 1496 1497
3 1433 1498 1434
3 1433 1497 1498
3 1434 1499 1435
3 1434 1498 1499
3 1435 1500 1436
3 1435 1499 1500
3 1436 1501 1437
3 1436 1500 1501
3 1437 1502 1438
3 1437 1501 1502
3 1438 1503 1439
3 1438 1502 1503
3 1439 1504 1440
3 1439 1503 1504
3 1440 1505 1441
3 1440 1504 1505
3 1441 1506 1442
3 1441 1505 1506
3 1442 1507 1443
3 1442 1506 1507
3 1443 1508 1444
3 1443 1507 1508
3 1444 1509 1445
3 1444 1508 1509
3 1445 1510 1446
3 1445 1509 1510
3 1446 1511 1447
3 1446 1510 1511
3 1447 1512 1448
3 1447 1511 1512
3 1448 1513 1449
3 1448 1512 1513
3 1449 1514 1450
3 1449 1513 1514
3 1450 1515 1451
3 1450 1514 1515
3 1451 1516 1452
3 1451 1515 1516
3 1452 1517 1453
3 1452 1516 1517
3 1453 1518 1454
3 1453 1517 1518
3 1454 1519 1455
3 1454 1518 1519
3 1455 1520 1456
3 1455 1519 1520
3 1456 1521 1457
3 1456 1520 1521
3 1457 1522 1458
3 1457 1521 1522
3 1458 1523 1459
3 1458 1522 1523
3 1459 1524 1460
3 1459 1523 1524
3 1460 1525 1461
3 1460 1524 1525
3 1461 1526 1462
3 1461 1525 1526
3 1462 1527 1463
3 1462 1526 1527
3 1463 1528 1464
3 1463 1527 1528
3 1464 1529 1465
3 1464 1528 1529
3 1465 1530 1466
3 1465 1529 1530
3 1466 1531 1467
3 1466 1530 1531
3 1467 1532 1468
3 1467 1531 1532
3 1468 1533 1469
3 1468 1532 1533
3 1469 1534 1470
3 1469 1533 1534
3 1470 1535 1471
3 1470 1534 1535
3 1471 1472 1408
3 1471 1535 1472
3 1472 1537 1473
3 1472 1536 1537
3 1473 1538 1474
3 1473 1537 1538
3 1474 1539 1475
3 1474 1538 1539
3 1475 1540 1476
3 1475 1539 1540
3 1476 1541 1477
3 1476 1540 1541
3 1477 1542 1478
3 1477 1541 1542
3 1478 1543 1479
3 1478 1542 1543
3 1479 1544 1480
3 1479 1543 1544
3 1480 1545 1481
3 1480 1544 1545
3 1481 1546 1482
3 1481 1545 1546
3 1482 1547 1483
3 1482 1546 1547
3 1483 1548 1484
3 1483 1547 1548
3 1484 1549 1485
3 1484 1548 1549
3 1485 1550 1486
3 1485 1549 1550
3 1486 1551 1487
3 1486 1550 1551
3 1487 1552 1488
3 1487 1551 1552
3 1488 1553 1489
3 1488 1552 1553
3 1489 1554 1490
3 1489 1553 1554
3 1490 1555 1491
3 1490 1554 1555
3 1491 1556 1492
3 1491 1555 1556
3 1492 1557 1493
3 1492 1556 1557
3 1493 1558 1494
3 1493 1557 1558
3 1494 1559 1495
3 1494 1558 1559
3 1495 1560 1496
3 1495 1559 1560
3 1496 1561 1497
3 1496 1560 1561
3 1497 1562 1498
3 1497 1561 1562
3 1498 1563 1499
3 1498 1562 1563
3 1499 1564 1500
3 1499 1563 1564
3 1500 1565 1501
3 1500 1564 1565
3 1501 1566 1502
3 1501 1565 1566
3 1502 1567 1503
3 1502 1566 1567
3 1503 1568 1504
3 1503 1567 1568
3 1504 1569 1505
3 1504 1568 1569
3 1505 1570 1506
3 1505 1569 1570
3 1506 1571 1507
3 1506 1570 1571
3 1507 1572 1508
3 1507 1571 1572
3 1508 1573 1509
3 1508 1572 1573
3 1509 1574 1510
3 1509 1573 1574
3 1510 1575 1511
3 1510 1574 1575
3 1511 1576 1512
3 1511 1575 1576
3 1512 1577 1513
3 1512 1576 1577
3 1513 1578 1514
3 1513 1577 1578
3 1514 1579 1515
3 1514 1578 1579
3 1515 1580 1516
3 1515 1579 1580
3 1516 1581 1517
3 1516 1580 1581
3 1517 1582 1518
3 1517 1581 1582
3 1518 1583 1519
3 1518 1582 1583
3 1519 1584 1520
3 1519 1583 1584
3 1520 1585 1521
3 1520 1584 1585
3 1521 1586 1522
3 1521 1585 1586
3 1522 1587 1523
3 1522 1586 1587
3 1523 1588 1524
3 1523 1587 1588
3 1524 1589 1525
3 1524 1588 1589
3 1525 1590 1526
3 1525 1589 1590
3 1526 1591 1527
3 1526 1590 1591
3 1527 1592 1528
3 1527 1591 1592
3 1528 1593 1529
3 1528 1592 1593
3 1529 1594 1530
3 1529 1593 1594
3 1530 1595 1531
3 1530 1594 1595
3 1531 1596 1532
3 1531 1595 1596
3 1532 1597 1533
3 1532 1596 1597
3 1533 1598 1534
3 1533 1597 1598
3 1534 1599 1535
3 1534 1598 1599
3 1535 1536 1472
3 1535 1599 1536
3 1536 1601 1537
3 1536 1600 1601
3 1537 1602 1538
3 1537 1601 1602
3 1538 1603 1539
3 1538 1602 1603
3 1539 1604 1540
3 1539 1603 1604
3 1540 1605 1541
3 1540 1604 1605
3 1541 1606 1542
3 1541 1605 1606
3 1542 1607 1543
3 1542 1606 1607
3 1543 1608 1544
3 1543 1607 1608
3 1544 1609 1545
3 1544 1608 1609
3 1545 1610 1546
3 1545 1609 1610
3 1546 1611 1547
3 1546 1610 1611
3 1547 1612 1548
3 1547 1611 1612
3 1548 1613 1549
3 1548 1612 1613
3 1549 1614 1550
3 1549 1613 1614
3 1550 1615 1551
3 1550 1614 1615
3 1551 1616 1552
3 1551 1615 1616
3 1552 1617 1553
3 1552 1616 1617
3 1553 1618 1554
3 1553 1617 1618
3 1554 1619 1555
3 1554 1618 1619
3 1555 1620 1556
3 1555 1619 1620
3 1556 1621 1557
3 1556 1620 1621
3 1557 1622 1558
3 1557 1621 1622
3 1558 1623 1559
3 1558 1622 1623
3 1559 1624 1560
3 1559 1623 1624
3 1560 1625 1561
3 1560 1624 1625
3 1561 1626 1562
3 1561 1625 1626
3 1562 1627 1563
3 1562 1626 1627
3 1563 1628 1564
3 1563 1627 1628
3 1564 1629 1565
3 1564 1628 1629
3 1565 1630 1566
3 1565 1629 1630
3 1566 1631 1567
3 1566 1630 1631
3 1567 1632 1568
3 1567 1631 1632
3 1568 1633 1569
3 1568 1632 1633
3 1569 1634 1570
3 1569 1633 1634
3 1570 1635 1571
3 1570 1634 1635
3 1571 1636 1572
3 1571 1635 1636
3 1572 1637 1573
3 1572 1636 1637
3 1573 1638 1574
3 1573 1637 1638
3 1574 1639 1575
3 1574 1638 1639
3 1575 1640 1576
3 1575 1639 1640
3 1576 1641 1577
3 1576 1640 1641
3 1577 1642 1578
3 1577 1641 1642
3 1578 1643 1579
3 1578 1642 1643
3 1579 1644 1580
3 1579 1643 1644
3 1580 1645 1581
3 1580 1644 1645
3 1581 1646 1582
3 1581 1645 1646
3 1582 1647 1583
3 1582 1646 1647
3 1583 1648 1584
3 1583 1647 1648
3 1584 1649 1585
3 1584 1648 1649
3 1585 1650 1586
3 1585 1649 1650
3 1586 1651 1587
3 1586 1650 1651
3 1587 1652 1588
3 1587 1651 1652
3 1588 1653 1589
3 1588 1652 1653
3 1589 1654 1590
3 1589 1653 1654
3 1590 1655 1591
3 1590 1654 1655
3 1591 1656 1592
3 1591 1655 1656
3 1592 1657 1593
3 1592 1656 1657
3 1593 1658 1594
3 1593 1657 1658
3 1594 1659 1595
3 1594 1658 1659
3 1595 1660 1596
3 1595 1659 1660
3 1596 1661 1597
3 1596 1660 1661
3 1597 1662 1598
3 1597 1661 1662
3 1598 1663 1599
3 1598 1662 1663
3 1599 1600 1536
3 1599 1663 1600
3 1600 1665 1601
3 1600 1664 1665
3 1601 1666 1602
3 1601 1665 1666
3 1602 1667 1603
3 1602 1666 1667
3 1603 1668 1604
3 1603 1667 1668
3 1604 1669 1605
3 1604 1668 1669
3 1605 1670 1606
3 1605 1669 1670
3 1606 1671 1607
3 1606 1670 1671
3 1607 1672 1608
3 1607 1671 1672
3 1608 1673 1609
3 1608 1672 1673
3 1609 1674 1610
3 1609 1673 1674
3 1610 1675 1611
3 1610 1674 1675
3 1611 1676 1612
3 1611 1675 1676
3 1612 1677 1613
3 1612 1676 1677
3 1613 1678 1614
3 1613 1677 1678
3 1614 1679 1615
3 1614 1678 1679
3 1615 1680 1616
3 1615 1679 1680
3 1616 1681 1617
3 1616 1680 1681
3 1617 1682 1618
3 1617 1681 1682
3 1618 1683 1619
3 1618 1682 1683
3 1619 1684 1620
3 1619 1683 1684
3 1620 1685 1621
3 1620 1684 1685
3 1621 1686 1622
3 1621 1685 1686
3 1622 1687 1623
3 1622 1686 1687
3 1623 1688 1624
3 1623 1687 1688
3 1624 1689 1625
3 1624 1688 1689
3 1625 1690 1626
3 1625 1689 1690
3 1626 1691 1627
3 1626 1690 1691
3 1627 1692 1628
3 1627 1691 1692
3 1628 1693 1629
3 1628 1692 1693
3 1629 1694 1630
3 1629 1693 1694
3 1630 1695 1631
3 1630 1694 1695
3 1631 1696 1632
3 1631 1695 1696
3 1632 1697 1633
3 1632 1696 1697
3 1633 1698 1634
3 1633 1697 1698
3 1634 1699 1635
3 1634 1698 1699
3 1635 1700 1636
3 1635 1699 1700
3 1636 1701 1637
3 1636 1700 1701
3 1637 1702 1638
3 1637 1701 1702
3 1638 1703 1639
3 1638 1702 1703
3 1639 1704 1640
3 1639 1703 1704
3 1640 1705 1641
3 1640 1704 1705
3 1641 1706 1642
3 1641 1705 1706
3 1642 1707 1643
3 1642 1706 1707
3 1643 1708 1644
3 1643 1707 1708
3 1644 1709 1645
3 1644 1708 1709
3 1645 1710 1646
3 1645 1709 1710
3 1646 1711 1647
3 1646 1710 1711
3 1647 1712 1648
3 1647 1711 1712
3 1648 1713 1649
3 1648 1712 1713
3 1649 1714 1650
3 1649 1713 1714
3 1650 1715 1651
3 1650 1714 1715
3 1651 1716 1652
3 1651 1715 1716
3 1652 1717 1653
3 1652 1716 1717
3 1653 1718 1654
3 1653 1717 1718
3 1654 1719 1655
3 1654 1718 1719
3 1655 1720 1656
3 1655 1719 1720
3 1656 1721 1657
3 1656 1720 1721
3 1657 1722 1658
3 1657 1721 1722
3 1658 1723 1659
3 1658 1722 1723
3 1659 1724 1660
3 1659 1723 1724
3 1660 1725 1661
3 1660 1724 1725
3 1661 1726 1662
3 1661 1725 1726
3 1662 1727 1663
3 1662 1726 1727
3 1663 1664 1600
3 1663 1727 1664
3 1664 1729 1665
3 1664 1728 1729
3 1665 1730 1666
3 1665 1729 1730
3 1666 1731 1667
3 1666 1730 1731
3 1667 1732 1668
3 1667 1731 1732
3 1668 1733 1669
3 1668 1732 1733
3 1669 1734 1670
3 1669 1733 1734
3 1670 1735 1671
3 1670 1734 1735
3 1671 1736 1672
3 1671 1735 1736
3 1672 1737 1673
3 1672 1736 1737
3 1673 1738 1674
3 1673 1737 1738
3 1674 1739 1675
3 1674 1738 1739
3 1675 1740 1676
3 1675 1739 1740
3 1676 1741 1677
3 1676 1740 1741
3 1677 1742 1678
3 1677 1741 1742
3 1678 1743 1679
3 1678 1742 1743
3 1679 1744 1680
3 1679 1743 1744
3 1680 1745 1681
3 1680 1744 1745
3 1681 1746 1682
3 1681 1745 1746
3 1682 1747 1683
3 1682 1746 1747
3 1683 1748 1684
3 1683 1747 1748
3 1684 1749 1685
3 1684 1748 1749
3 1685 1750 1686
3 1685 1749 1750
3 1686 1751 1687
3 1686 1750 1751
3 1687 1752 1688
3 1687 1751 1752
3 1688 1753 1689
3 1688 1752 1753
3 1689 1754 1690
3 1689 1753 1754
3 1690 1755 1691
3 1690 1754 1755
3 1691 1756 1692
3 1691 1755 1756
3 1692 1757 1693
3 1692 1756 1757
3 1693 1758 1694
3 1693 1757 1758
3 1694 1759 1695
3 1694 1758 1759
3 1695 1760 1696
3 1695 1759 1760
3 1696 1761 1697
3 1696 1760 1761
3 1697 1762 1698
3 1697 1761 1762
3 1698 1763 1699
3 1698 1762 1763
3 1699 1764 1700
3 1699 1763 1764
3 1700 1765 1701
3 1700 1764 1765
3 1701 1766 1702
3 1701 1765 1766
3 1702 1767 1703
3 1702 1766 1767
3 1703 1768 1704
3 1703 1767 1768
3 1704 1769 1705
3 1704 1768 1769
3 1705 1770 1706
3 1705 1769 1770
3 1706 1771 1707
3 1706 1770 1771
3 1707 1772 1708
3 1707 1771 1772
3 1708 1773 1709
3 1708 1772 1773
3 1709 1774 1710
3 1709 1773 1774
3 1710 1775 1711
3 1710 1774 1775
3 1711 1776 1712
3 1711 1775 1776
3 1712 1777 1713
3 1712 1776 1777
3 1713 1778 1714
3 1713 1777 1778
3 1714 1779 1715
3 1714 1778 1779
3 1715 1780 1716
3 1715 1779 1780
3 1716 1781 1717
3 1716 1780 1781
3 1717 1782 1718
3 1717 1781 1782
3 1718 1783 1719
3 1718 1782 1783
3 1719 1784 1720
3 1719 1783 1784
3 1720 1785 1721
3 1720 1784 1785
3 1721 1786 1722
3 1721 1785 1786
3 1722 1787 1723
3 1722 1786 1787
3 1723 1788 1724
3 1723 1787 1788
3 1724 1789 1725
3 1724 1788 1789
3 1725 1790 1726
3 1725 1789 1790
3 1726 1791 1727
3 1726 1790 1791
3 1727 1728 1664
3 1727 1791 1728
3 1728 1793 1729
3 1728 1792 1793
3 1729 1794 1730
3 1729 1793 1794
3 1730 1795 1731
3 1730 1794 1795
3 1731 1796 1732
3 1731 1795 1796
3 1732 1797 1733
3 1732 1796 1797
3 1733 1798 1734
3 1733 1797 1798
3 1734 1799 1735
3 1734 1798 1799
3 1735 1800 1736
3 1735 1799 1800
3 1736 1801 1737
3 1736 1800 1801
3 1737 1802 1738
3 1737 1801 1802
3 1738 1803 1739
3 1738 1802 1803
3 1739 1804 1740
3 1739 1803 1804
3 1740 1805 1741
3 1740 1804 1805
3 1741 1806 1742
3 1741 1805 1806
3 1742 1807 1743
3 1742 1806 1807
3 1743 1808 1744
3 1743 1807 1808
3 1744 1809 1745
3 1744 1808 1809
3 1745 1810 1746
3 1745 1809 1810
3 1746 1811 1747
3 1746 1810 1811
3 1747 1812 1748
3 1747 1811 1812
3 1748 1813 1749
3 1748 1812 1813
3 1749 1814 1750
3 1749 1813 1814
3 1750 1815 1751
3 1750 1814 1815
3 1751 1816 1752
3 1751 1815 1816
3 1752 1817 1753
3 1752 1816 1817
3 1753 1818 1754
3 1753 1817 1818
3 1754 1819 1755
3 1754 1818 1819
3 1755 1820 1756
3 1755 1819 1820
3 1756 1821 1757
3 1756 1820 1821
3 1757 1822 1758
3 1757 1821 1822
3 1758 1823 1759
3 1758 1822 1823
3 1759 1824 1760
3 1759 1823 1824
3 1760 1825 1761
3 1760 1824 1825
3 1761 1826 1762
3 1761 1825 1826
3 1762 1827 1763
3 1762 1826 1827
3 1763 1828 1764
3 1763 1827 1828
3 1764 1829 1765
3 1764 1828 1829
3 1765 1830 1766
3 1765 1829 1830
3 1766 1831 1767
3 1766 1830 1831
3 1767 1832 1768
3 1767 1831 1832
3 1768 1833 1769
3 1768 1832 1833
3 1769 1834 1770
3 1769 1833 1834
3 1770 1835 1771
3 1770 1834 1835
3 1771 1836 1772
3 1771 1835 1836
3 1772 1837 1773
3 1772 1836 1837
3 1773 1838 1774
3 1773 1837 1838
3 1774 1839 1775
3 1774 1838 1839
3 1775 1840 1776
3 1775 1839 1840
3 1776 1841 1777
3 1776 1840 1841
3 1777 1842 1778
3 1777 1841 1842
3 1778 1843 1779
3 1778 1842 1843
3 1779 1844 1780
3 1779 1843 1844
3 1780 1845 1781
3 1780 1844 1845
3 1781 1846 1782
3 1781 1845 1846
3 1782 1847 1783
3 1782 1846 1847
3 1783 1848 1784
3 1783 1847 1848
3 1784 1849 1785
3 1784 1848 1849
3 1785 1850 1786
3 1785 1849 1850
3 1786 1851 1787
3 1786 1850 1851
3 1787 1852 1788
3 1787 1851 1852
3 1788 1853 1789
3 1788 1852 1853
3 1789 1854 1790
3 1789 1853 1854
3 1790 1855 1791
3 1790 1854 1855
3 1791 1792 1728
3 1791 1855 1792
3 1792 1857 1793
3 1792 1856 1857
3 1793 1858 1794
3 1793 1857 1858
3 1794 1859 1795
3 1794 1858 1859
3 1795 1860 1796
3 1795 1859 1860
3 1796 1861 1797
3 1796 1860 1861
3 1797 1862 1798
3 1797 1861 1862
3 1798 1863 1799
3 1798 1862 1863
3 1799 1864 1800
3 1799 1863 1864
3 1800 1865 1801
3 1800 1864 1865
3 1801 1866 1802
3 1801 1865 1866
3 1802 1867 1803
3 1802 1866 1867
3 1803 1868 1804
3 1803 1867 1868
3 1804 1869 1805
3 1804 1868 1869
3 1805 1870 1806
3 1805 1869 1870
3 1806 1871 1807
3 1806 1870 1871
3 1807 1872 1808
3 1807 1871 1872
3 1808 1873 1809
3 1808 1872 1873
3 1809 1874 1810
3 1809 1873 1874
3 1810 1875 1811
3 1810 1874 1875
3 1811 1876 1812
3 1811 1875 1876
3 1812 1877 1813
3 1812 1876 1877
3 1813 1878 1814
3 1813 1877 1878
3 1814 1879 1815
3 1814 1878 1879
3 1815 1880 1816
3 1815 1879 1880
3 1816 1881 1817
3 1816 1880 1881
3 1817 1882 1818
3 1817 1881 1882
3 1818 1883 1819
3 1818 1882 1883
3 1819 1884 1820
3 1819 1883 1884
3 1820 1885 1821
3 1820 1884 1885
3 1821 1886 1822
3 1821 1885 1886
3 1822 1887 1823
3 1822 1886 1887
3 1823 1888 1824
3 1823 1887 1888
3 1824 1889 1825
3 1824 1888 1889
3 1825 1890 1826
3 1825 1889 1890
3 1826 1891 1827
3 1826 1890 1891
3 1827 1892 1828
3 1827 1891 1892
3 1828 1893 1829
3 1828 1892 1893
3 1829 1894 1830
3 1829 1893 1894
3 1830 1895 1831
3 1830 1894 1895
3 1831 1896 1832
3 1831 1895 1896
3 1832 1897 1833
3 1832 1896 1897
3 1833 1898 1834
3 1833 1897 1898
3 1834 1899 1835
3 1834 1898 1899
3 1835 1900 1836
3 1835 1899 1900
3 1836 1901 1837
3 1836 1900 1901
3 1837 1902 1838
3 1837 1901 1902
3 1838 1903 1839
3 1838 1902 1903
3 1839 1904 1840
3 1839 1903 1904
3 1840 1905 1841
3 1840 1904 1905
3 1841 1906 1842
3 1841 1905 1906
3 1842 1907 1843
3 1842 1906 1907
3 1843 1908 1844
3 1843 1907 1908
3 1844 1909 1845
3 1844 1908 1909
3 1845 1910 1846
3 1845 1909 1910
3 1846 1911 1847
3 1846 1910 1911
3 1847 1912 1848
3 1847 1911 1912
3 1848 1913 1849
3 1848 1912 1913
3 1849 1914 1850
3 1849 1913 1914
3 1850 1915 1851
3 1850 1914 1915
3 1851 1916 1852
3 1851 1915 1916
3 1852 1917 1853
3 1852 1916 1917
3 1853 1918 1854
3 1853 1917 1918
3 1854 1919 1855
3 1854 1918 1919
3 1855 1856 1792
3 1855 1919 1856
3 1856 1921 1857
3 1856 1920 1921
3 1857 1922 1858
3 1857 1921 1922
3 1858 1923 1859
3 1858 1922 1923
3 1859 1924 1860
3 1859 1923 1924
3 1860 1925 1861
3 1860 1924 1925
3 1861 1926 1862
3 1861 1925 1926
3 1862 1927 1863
3 1862 1926 1927
3 1863 1928 1864
3 1863 1927 1928
3 1864 1929 1865
3 1864 1928 1929
3 1865 1930 1866
3 1865 1929 1930
3 1866 1931 1867
3 1866 1930 1931
3 1867 1932 1868
3 1867 1931 1932
3 1868 1933 1869
3 1868 1932 1933
3 1869 1934 1870
3 1869 1933 1934
3 1870 1935 1871
3 1870 1934 1935
3 1871 1936 1872
3 1871 1935 1936
3 1872 1937 1873
3 1872 1936 1937
3 1873 1938 1874
3 1873 1937 1938
3 1874 1939 1875
3 1874 1938 1939
3 1875 1940 1876
3 1875 1939 1940
3 1876 1941 1877
3 1876 1940 1941
3 1877 1942 1878
3 1877 1941 1942
3 1878 1943 1879
3 1878 1942 1943
3 1879 1944 1880
3 1879 1943 1944
3 1880 1945 1881
3 1880 1944 1945
3 1881 1946 1882
3 1881 1945 1946
3 1882 1947 1883
3 1882 1946 1947
3 1883 1948 1884
3 1883 1947 1948
3 1884 1949 1885
3 1884 1948 1949
3 1885 1950 1886
3 1885 1949 1950
3 1886 1951 1887
3 1886 1950 1951
3 1887 1952 1888
3 1887 1951 1952
3 1888 1953 1889
3 1888 1952 1953
3 1889 1954 1890
3 1889 1953 1954
3 1890 1955 1891
3 1890 1954 1955
3 1891 1956 1892
3 1891 1955 1956
3 1892 1957 1893
3 1892 1956 1957
3 1893 1958 1894
3 1893 1957 1958
3 1894 1959 1895
3 1894 1958 1959
3 1895 1960 1896
3 1895 1959 1960
3 1896 1961 1897
3 1896 1960 1961
3 1897 1962 1898
3 1897 1961 1962
3 1898 1963 1899
3 1898 1962 1963
3 1899 1964 1900
3 1899 1963 1964
3 1900 1965 1901
3 1900 1964 1965
3 1901 1966 1902
3 1901 1965 1966
3 1902 1967 1903
3 1902 1966 1967
3 1903 1968 1904
3 1903 1967 1968
3 1904 1969 1905
3 1904 1968 1969
3 1905 1970 1906
3 1905 1969 1970
3 1906 1971 1907
3 1906 1970 1971
3 1907 1972 1908
3 1907 1971 1972
3 1908 1973 1909
3 1908 1972 1973
3 1909 1974 1910
3 1909 1973 1974
3 1910 1975 1911
3 1910 1974 1975
3 1911 1976 1912
3 1911 1975 1976
3 1912 1977 1913
3 1912 1976 1977
3 1913 1978 1914
3 1913 1977 1978
3 1914 1979 1915
3 1914 1978 1979
3 1915 1980 1916
3 1915 1979 1980
3 1916 1981 1917
3 1916 1980 1981
3 1917 1982 1918
3 1917 1981 1982
3 1918 1983 1919
3 1918 1982 1983
3 1919 1920 1856
3 1919 1983 1920
3 1920 1985 1921
3 1920 1984 1985
3 1921 1986 1922
3 1921 1985 1986
3 1922 1987 1923
3 1922 1986 1987
3 1923 1988 1924
3 1923 1987 1988
3 1924 1989 1925
3 1924 1988 1989
3 1925 1990 1926
3 1925 1989 1990
3 1926 1991 1927
3 1926 1990 1991
3 1927 1992 1928
3 1927 1991 1992
3 1928 1993 1929
3 1928 1992 1993
3 1929 1994 1930
3 1929 1993 1994
3 1930 1995 1931
3 1930 1994 1995
3 1931 1996 1932
3 1931 1995 1996
3 1932 1997 1933
3 1932 1996 1997
3 1933 1998 1934
3 1933 1997 1998
3 1934 1999 1935
3 1934 1998 1999
3 1935 2000 1936
3 1935 1999 2000
3 1936 2001 1937
3 1936 2000 2001
3 1937 2002 1938
3 1937 2001 2002
3 1938 2003 1939
3 1938 2002 2003
3 1939 2004 1940
3 1939 2003 2004
3 1940 2005 1941
3 1940 2004 2005
3 1941 2006 1942
3 1941 2005 2006
3 1942 2007 1943
3 1942 2006 2007
3 1943 2008 1944
3 1943 2007 2008
3 1944 2009 1945
3 1944 2008 2009
3 1945 2010 1946
3 1945 2009 2010
3 1946 2011 1947
3 1946 2010 2011
3 1947 2012 1948
3 1947 2011 2012
3 1948 2013 1949
3 1948 2012 2013
3 1949 2014 1950
3 1949 2013 2014
3 1950 2015 1951
3 1950 2014 2015
3 1951 2016 1952
3 1951 2015 2016
3 1952 2017 1953
3 1952 2016 2017
3 1953 2018 1954
3 1953 2017 2018
3 1954 2019 1955
3 1954 2018 2019
3 1955 2020 1956
3 1955 2019 2020
3 1956 2021 1957
3 1956 2020 2021
3 1957 2022 1958
3 1957 2021 2022
3 1958 2023 1959
3 1958 2022 2023
3 1959 2024 1960
3 1959 2023 2024
3 1960 2025 1961
3 1960 2024 2025
3 1961 2026 1962
3 1961 2025 2026
3 1962 2027 1963
3 1962 2026 2027
3 1963 2028 1964
3 1963 2027 2028
3 1964 2029 1965
3 1964 2028 2029
3 1965 2030 1966
3 1965 2029 2030
3 1966 2031 1967
3 1966 2030 2031
3 1967 2032 1968
3 1967 2031 2032
3 1968 2033 1969
3 1968 2032 2033
3 1969 2034 1970
3 1969 2033 2034
3 1970 2035 1971
3 1970 2034 2035
3 1971 2036 1972
3 1971 2035 2036
3 1972 2037 1973
3 1972 2036 2037
3 1973 2038 1974
3 1973 2037 2038
3 1974 2039 1975
3 1974 2038 2039
3 1975 2040 1976
3 1975 2039 2040
3 1976 2041 1977
3 1976 2040 2041
3 1977 2042 1978
3 1977 2041 2042
3 1978 2043 1979
3 1978 2042 2043
3 1979 2044 1980
3 1979 2043 2044
3 1980 2045 1981
3 1980 2044 2045
3 1981 2046 1982
3 1981 2045 2046
3 1982 2047 1983
3 1982 2046 2047
3 1983 1984 1920
3 1983 2047 1984
3 0 1344 1345
3 0 1345 1
3 1 1345 1346
3 1 1346 2
3 2 1346 1347
3 2 1347 3
3 3 1347 1348
3 3 1348 4
3 4 1348 1349
3 4 1349 5
3 5 1349 1350
3 5 1350 6
3 6 1350 1351
3 6 1351 7
3 7 1351 1352
3 7 1352 8
3 8 1352 1353
3 8 1353 9
3 9 1353 1354
3 9 1354 10
3 10 1354 1355
3 10 1355 11
3 11 1355 1356
3 11 1356 12
3 12 1356 1357
3 12 1357 13
3 13 1357 1358
3 13 1358 14
3 14 1358 1359
3 14 1359 15
3 15 1359 1360
3 15 1360 16
3 16 1360 1361
3 16 1361 17
3 17 1361 1362
3 17 1362 18
3 18 1362 1363
3 18 1363 19
3 19 1363 1364
3 19 1364 20
3 20 1364 1365
3 20 1365 21
3 21 1365 1366
3 21 1366 22
3 22 1366 1367
3 22 1367 23
3 23 1367 1368
3 23 1368 24
3 24 1368 1369
3 24 1369 25
3 25 1369 1370
3 25 1370 26
3 26 1370 1371
3 26 1371 27
3 27 1371 1372
3 27 1372 28
3 28 1372 1373
3 28 1373 29
3 29 1373 1374
3 29 1374 30
3 30 1374 1375
3 30 1375 31
3 31 1375 1376
3 31 1376 32
3 32 1376 1377
3 32 1377 33
3 33 1377 1378
3 33 1378 34
3 34 1378 1379
3 34 1379 35
3 35 1379 1380
3 35 1380 36
3 36 1380 1381
3 36 1381 37
3 37 1381 1382
3 37 1382 38
3 38 1382 1383
3 38 1383 39
3 39 1383 1384
3 39 1384 40
3 40 1384 1385
3 40 1385 41
3 41 1385 1386
3 41 1386 42
3 42 1386 1387
3 42 1387 43
3 43 1387 1388
3 43 1388 44
3 44 1388 1389
3 44 1389 45
3 45 1389 1390
3 45 1390 46
3 46 1390 1391
3 46 1391 47
3 47 1391 1392
3 47 1392 48
3 48 1392 1393
3 48 1393 49
3 49 1393 1394
3 49 1394 50
3 50 1394 1395
3 50 1395 51
3 51 1395 1396
3 51 1396 52
3 52 1396 1397
3 52 1397 53
3 53 1397 1398
3 53 1398 54
3 54 1398 1399
3 54 1399 55
3 55 1399 1400
3 55 1400 56
3 56 1400 1401
3 56 1401 57
3 57 1401 1402
3 57 1402 58
3 58 1402 1403
3 58 1403 59
3 59 1403 1404
3 59 1404 60
3 60 1404 1405
3 60 1405 61
3 61 1405 1406
3 61 1406 62
3 62 1406 1407
3 62 1407 63
3 63 1407 1344
3 63 1344 0
3 2048 1281 1280
3 2048 1282 1281
3 2048 1283 1282
3 2048 1284 1283
3 2048 1285 1284
3 2048 1286 1285
3 2048 1287 1286
3 2048 1288 1287
3 2048 1289 1288
3 2048 1290 1289
3 2048 1291 1290
3 2048 1292 1291
3 2048 1293 1292
3 2048 1294 1293
3 2048 1295 1294
3 2048 1296 1295
3 2048 1297 1296
3 2048 1298 1297
3 2048 1299 1298
3 2048 1300 1299
3 2048 1301 1300
3 2048 1302 1301
3 2048 1303 1302
3 2048 1304 1303
3 2048 1305 1304
3 2048 1306 1305
3 2048 1307 1306
3 2048 1308 1307
3 2048 1309 1308
3 2048 1310 1309
3 2048 1311 1310
3 2048 1312 1311
3 2048 1313 1312
3 2048 1314 1313
3 2048 1315 1314
3 2048 1316 1315
3 2048 1317 1316
3 2048 1318 1317
3 2048 1319 1318
3 2048 1320 1319
3 2048 1321 1320
3 2048 1322 1321
3 2048 1323 1322
3 2048 1324 1323
3 2048 1325 1324
3 2048 1326 1325
3 2048 1327 1326
3 2048 1328 1327
3 2048 1329 1328
3 2048 1330 1329
3 2048 1331 1330
3 2048 1332 1331
3 2048 1333 1332
3 2048 1334 1333
3 2048 1335 1334
3 2048 1336 1335
3 2048 1337 1336
3 2048 1338 1337
3 2048 1339 1338
3 2048 1340 1339
3 2048 1341 1340
3 2048 1342 1341
3 2048 1343 1342
3 2048 1280 1343
3 2049 1985 1984
3 2049 1986 1985
3 2049 1987 1986
3 2049 1988 1987
3 2049 1989 1988
3 2049 1990 1989
3 2049 1991 1990
3 2049 1992 1991
3 2049 1993 1992
3 2049 1994 1993
3 2049 1995 1994
3 2049 1996 1995
3 2049 1997 1996
3 2049 1998 1997
3 2049 1999 1998
3 2049 2000 1999
3 2049 2001 2000
3 2049 2002 2001
3 2049 2003 2002
3 2049 2004 2003
3 2049 2005 2004
3 2049 2006 2005
3 2049 2007 2006
3 2049 2008 2007
3 2049 2009 2008
3 2049 2010 2009
3 2049 2011 2010
3 2049 2012 2011
3 2049 2013 2012
3 2049 2014 2013
3 2049 2015 2014
3 2049 2016 2015
3 2049 2017 2016
3 2049 2018 2017
3 2049 2019 2018
3 2049 2020 2019
3 2049 2021 2020
3 2049 2022 2021
3 2049 2023 2022
3 2049 2024 2023
3 2049 2025 2024
3 2049 2026 2025
3 2049 2027 2026
3 2049 2028 2027
3 2049 2029 2028
3 2049 2030 2029
3 2049 2031 2030
3 2049 2032 2031
3 2049 2033 2032
3 2049 2034 2033
3 2049 2035 2034
3 2049 2036 2035
3 2049 2037 2036
3 2049 2038 2037
3 2049 2039 2038
3 2049 2040 2039
3 2049 2041 2040
3 2049 2042 2041
3 2049 2043 2042
3 2049 2044 2043
3 2049 2045 2044
3 2049 2046 2045
3 2049 2047 2046
3 2049 1984 2047
